Code,Name,Market
005930,삼성전자,KOSPI
000660,SK하이닉스,KOSPI
402340,SK스퀘어,KOSPI
005935,삼성전자우,KOSPI
005380,현대차,KOSPI
009150,삼성전기,KOSPI
373220,LG에너지솔루션,KOSPI
329180,HD현대중공업,KOSPI
034020,두산에너빌리티,KOSPI
032830,삼성생명,KOSPI
028260,삼성물산,KOSPI
207940,삼성바이오로직스,KOSPI
000270,기아,KOSPI
012450,한화에어로스페이스,KOSPI
012330,현대모비스,KOSPI
105560,KB금융,KOSPI
006400,삼성SDI,KOSPI
034730,SK,KOSPI
055550,신한지주,KOSPI
068270,셀트리온,KOSPI
010120,LS ELECTRIC,KOSPI
267260,HD현대일렉트릭,KOSPI
042660,한화오션,KOSPI
066570,LG전자,KOSPI
006800,미래에셋증권,KOSPI
298040,효성중공업,KOSPI
005490,POSCO홀딩스,KOSPI
086790,하나금융지주,KOSPI
009540,HD한국조선해양,KOSPI
035420,NAVER,KOSPI
042700,한미반도체,KOSPI
010130,고려아연,KOSPI
000150,두산,KOSPI
010140,삼성중공업,KOSPI
015760,한국전력,KOSPI
000810,삼성화재,KOSPI
051910,LG화학,KOSPI
011070,LG이노텍,KOSPI
064350,현대로템,KOSPI
267250,HD현대,KOSPI
316140,우리금융지주,KOSPI
272210,한화시스템,KOSPI
247540,에코프로비엠,KOSDAQ GLOBAL
017670,SK텔레콤,KOSPI
003670,포스코퓨처엠,KOSPI
096770,SK이노베이션,KOSPI
086520,에코프로,KOSDAQ GLOBAL
079550,LIG디펜스앤에어로스페이스,KOSPI
196170,알테오젠,KOSDAQ GLOBAL
011200,HMM,KOSPI
003550,LG,KOSPI
033780,KT&G,KOSPI
035720,카카오,KOSPI
138040,메리츠금융지주,KOSPI
006260,LS,KOSPI
086280,현대글로비스,KOSPI
307950,현대오토에버,KOSPI
000720,현대건설,KOSPI
024110,기업은행,KOSPI
047810,한국항공우주,KOSPI
277810,레인보우로보틱스,KOSDAQ
018260,삼성에스디에스,KOSPI
278470,에이피알,KOSPI
071050,한국금융지주,KOSPI
030200,KT,KOSPI
0126Z0,삼성에피스홀딩스,KOSPI
047040,대우건설,KOSPI
010950,S-Oil,KOSPI
047050,포스코인터내셔널,KOSPI
259960,크래프톤,KOSPI
443060,HD현대마린솔루션,KOSPI
005940,NH투자증권,KOSPI
016360,삼성증권,KOSPI
036930,주성엔지니어링,KOSDAQ GLOBAL
028050,삼성E&A,KOSPI
323410,카카오뱅크,KOSPI
039490,키움증권,KOSPI
001440,대한전선,KOSPI
000880,한화,KOSPI
007660,이수페타시스,KOSPI
003490,대한항공,KOSPI
352820,하이브,KOSPI
005830,DB손해보험,KOSPI
003230,삼양식품,KOSPI
005387,현대차2우B,KOSPI
950160,코오롱티슈진,KOSDAQ
000990,DB하이텍,KOSPI
000250,삼천당제약,KOSDAQ
058470,리노공업,KOSDAQ GLOBAL
062040,산일전기,KOSPI
034220,LG디스플레이,KOSPI
353200,대덕전자,KOSPI
064400,LG씨엔에스,KOSPI
267270,HD건설기계,KOSPI
161390,한국타이어앤테크놀로지,KOSPI
180640,한진칼,KOSPI
326030,SK바이오팜,KOSPI
009830,한화솔루션,KOSPI
028300,HLB,KOSDAQ
078930,GS,KOSPI
454910,두산로보틱스,KOSPI
090430,아모레퍼시픽,KOSPI
000100,유한양행,KOSPI
021240,코웨이,KOSPI
039030,이오테크닉스,KOSDAQ GLOBAL
298380,에이비엘바이오,KOSDAQ
241560,두산밥캣,KOSPI
082740,한화엔진,KOSPI
000500,가온전선,KOSPI
377300,카카오페이,KOSPI
032640,LG유플러스,KOSPI
336260,두산퓨얼셀,KOSPI
010060,OCI홀딩스,KOSPI
005385,현대차우,KOSPI
066970,엘앤에프,KOSPI
087010,펩트론,KOSDAQ
240810,원익IPS,KOSDAQ GLOBAL
036570,NC,KOSPI
141080,리가켐바이오,KOSDAQ GLOBAL
440110,파두,KOSDAQ
128940,한미약품,KOSPI
011790,SKC,KOSPI
004020,현대제철,KOSPI
052690,한전기술,KOSPI
029780,삼성카드,KOSPI
138930,BNK금융지주,KOSPI
271560,오리온,KOSPI
088980,맥쿼리인프라,KOSPI
095340,ISC,KOSDAQ GLOBAL
018880,한온시스템,KOSPI
403870,HPSP,KOSDAQ GLOBAL
002380,KCC,KOSPI
103590,일진전기,KOSPI
001040,CJ,KOSPI
310210,보로노이,KOSDAQ
022100,포스코DX,KOSPI
004170,신세계,KOSPI
222800,심텍,KOSDAQ GLOBAL
178320,서진시스템,KOSDAQ
214370,케어젠,KOSDAQ
450080,에코프로머티,KOSPI
175330,JB금융지주,KOSPI
088350,한화생명,KOSPI
108490,로보티즈,KOSDAQ
023530,롯데쇼핑,KOSPI
319400,현대무벡스,KOSDAQ
080220,제주반도체,KOSDAQ
010170,대한광통신,KOSDAQ
051900,LG생활건강,KOSPI
012510,더존비즈온,KOSPI
011780,금호석유화학,KOSPI
111770,영원무역,KOSPI
489790,한화비전,KOSPI
004800,효성,KOSPI
011170,롯데케미칼,KOSPI
014680,한솔케미칼,KOSPI
357780,솔브레인,KOSDAQ GLOBAL
005290,동진쎄미켐,KOSDAQ
005850,에스엘,KOSPI
067310,하나마이크론,KOSDAQ
251270,넷마블,KOSPI
036460,한국가스공사,KOSPI
319660,피에스케이,KOSDAQ GLOBAL
064760,티씨케이,KOSDAQ GLOBAL
302440,SK바이오사이언스,KOSPI
226950,올릭스,KOSDAQ
084370,유진테크,KOSDAQ
214150,클래시스,KOSDAQ GLOBAL
131970,두산테스나,KOSDAQ GLOBAL
035250,강원랜드,KOSPI
017800,현대엘리베이터,KOSPI
347850,디앤디파마텍,KOSDAQ
100790,미래에셋벤처투자,KOSDAQ
375500,DL이앤씨,KOSPI
145020,휴젤,KOSDAQ GLOBAL
214450,파마리서치,KOSDAQ GLOBAL
009420,한올바이오파마,KOSPI
028670,팬오션,KOSPI
097950,CJ제일제당,KOSPI
001450,현대해상,KOSPI
043260,성호전자,KOSDAQ
031210,서울보증보험,KOSPI
020150,롯데에너지머티리얼즈,KOSPI
001720,신영증권,KOSPI
457190,이수스페셜티케미컬,KOSPI
139130,iM금융지주,KOSPI
204320,HL만도,KOSPI
032820,우리기술,KOSDAQ
237690,에스티팜,KOSDAQ GLOBAL
031980,피에스케이홀딩스,KOSDAQ
058610,에스피지,KOSDAQ
263750,펄어비스,KOSDAQ GLOBAL
383220,F&F,KOSPI
098460,고영,KOSDAQ
071970,HD현대마린엔진,KOSPI
006360,GS건설,KOSPI
439260,대한조선,KOSPI
218410,RFHIC,KOSDAQ
007340,DN오토모티브,KOSPI
007810,코리아써키트,KOSPI
004990,롯데지주,KOSPI
082920,비츠로셀,KOSDAQ
483650,달바글로벌,KOSPI
012750,에스원,KOSPI
009970,영원무역홀딩스,KOSPI
000155,두산우,KOSPI
078600,대주전자재료,KOSDAQ
0009K0,에임드바이오,KOSDAQ
131290,티에스이,KOSDAQ
139480,이마트,KOSPI
095610,테스,KOSDAQ
229640,LS에코에너지,KOSPI
026960,동서,KOSPI
011210,현대위아,KOSPI
083650,비에이치아이,KOSDAQ
347700,스피어,KOSDAQ
103140,풍산,KOSPI
257720,실리콘투,KOSDAQ
030530,원익홀딩스,KOSDAQ
051600,한전KPS,KOSPI
003690,코리안리,KOSPI
001430,세아베스틸지주,KOSPI
00680K,미래에셋증권2우B,KOSPI
004370,농심,KOSPI
018670,SK가스,KOSPI
069960,현대백화점,KOSPI
120110,코오롱인더,KOSPI
000240,한국앤컴퍼니,KOSPI
007070,GS리테일,KOSPI
279570,케이뱅크,KOSPI
008930,한미사이언스,KOSPI
068760,셀트리온제약,KOSDAQ
140410,메지온,KOSDAQ
282330,BGF리테일,KOSPI
008770,호텔신라,KOSPI
005440,현대지에프홀딩스,KOSPI
322000,HD현대에너지솔루션,KOSPI
112610,씨에스윈드,KOSPI
323280,태성,KOSDAQ
030000,제일기획,KOSPI
035900,JYP Ent.,KOSDAQ GLOBAL
089030,테크윙,KOSDAQ
161890,한국콜마,KOSPI
097230,HJ중공업,KOSPI
085620,미래에셋생명,KOSPI
081660,미스토홀딩스,KOSPI
192820,코스맥스,KOSPI
000120,CJ대한통운,KOSPI
140860,파크시스템스,KOSDAQ GLOBAL
476830,알지노믹스,KOSDAQ
027360,아주IB투자,KOSDAQ
041510,에스엠,KOSDAQ GLOBAL
290650,엘앤씨바이오,KOSDAQ
077970,STX엔진,KOSPI
017960,한국카본,KOSPI
060370,LS마린솔루션,KOSDAQ
437730,삼현,KOSDAQ
031330,에스에이엠티,KOSDAQ
007390,네이처셀,KOSDAQ
023590,다우기술,KOSPI
005070,코스모신소재,KOSPI
001740,SK네트웍스,KOSPI
491000,리브스메드,KOSDAQ
002790,아모레퍼시픽홀딩스,KOSPI
036540,SFA반도체,KOSDAQ
298020,효성티앤씨,KOSPI
462870,시프트업,KOSPI
395400,SK리츠,KOSPI
420770,기가비스,KOSDAQ
195870,해성디에스,KOSPI
001120,LX인터내셔널,KOSPI
099320,쎄트렉아이,KOSDAQ
295310,에이치브이엠,KOSDAQ
006280,녹십자,KOSPI
101490,에스앤에스텍,KOSDAQ
189300,인텔리안테크,KOSDAQ
089970,브이엠,KOSDAQ
361610,SK아이이테크놀로지,KOSPI
096530,씨젠,KOSDAQ
003540,대신증권,KOSPI
445680,큐리옥스바이오시스템즈,KOSDAQ
417200,LS머트리얼즈,KOSDAQ
003570,SNT다이내믹스,KOSPI
006040,동원산업,KOSPI
475830,오름테라퓨틱,KOSDAQ
039200,오스코텍,KOSDAQ
166090,하나머티리얼즈,KOSDAQ GLOBAL
232140,와이씨,KOSDAQ
020560,아시아나항공,KOSPI
001800,오리온홀딩스,KOSPI
069620,대웅제약,KOSPI
439960,코스모로보틱스,KOSDAQ
009155,삼성전기우,KOSPI
032350,롯데관광개발,KOSPI
475150,SK이터닉스,KOSPI
032500,케이엠더블유,KOSDAQ
038500,삼표시멘트,KOSDAQ
003530,한화투자증권,KOSPI
030610,교보증권,KOSPI
281820,케이씨텍,KOSPI
294870,IPARK현대산업개발,KOSPI
192080,더블유게임즈,KOSPI
066575,LG전자우,KOSPI
490470,세미파이브,KOSDAQ
073240,금호타이어,KOSPI
090710,휴림로봇,KOSDAQ
093370,후성,KOSPI
006110,삼아알미늄,KOSPI
004000,롯데정밀화학,KOSPI
012630,HDC,KOSPI
001820,삼화콘덴서,KOSPI
090460,비에이치,KOSPI
007310,오뚜기,KOSPI
458870,씨어스,KOSDAQ
281740,레이크머티리얼즈,KOSDAQ
397030,에이프릴바이오,KOSDAQ
065350,신성델타테크,KOSDAQ
003380,하림지주,KOSDAQ GLOBAL
085660,차바이오텍,KOSDAQ
034230,파라다이스,KOSPI
195940,HK이노엔,KOSDAQ GLOBAL
328130,루닛,KOSDAQ
127120,제이에스링크,KOSDAQ
048410,현대바이오,KOSDAQ
356860,티엘비,KOSDAQ
051915,LG화학우,KOSPI
181710,NHN,KOSPI
000210,DL,KOSPI
204270,제이앤티씨,KOSDAQ
388210,씨엠티엑스,KOSDAQ
415640,KB발해인프라,KOSPI
161580,필옵틱스,KOSDAQ
126340,비나텍,KOSDAQ
082640,동양생명,KOSPI
100090,SK오션플랜트,KOSPI
056190,에스에프에이,KOSDAQ GLOBAL
000815,삼성화재우,KOSPI
137400,피엔티,KOSDAQ GLOBAL
003090,대웅,KOSPI
160190,하이젠알앤엠,KOSDAQ
124500,아이티센글로벌,KOSDAQ
213420,덕산네오룩스,KOSDAQ GLOBAL
000080,하이트진로,KOSPI
089860,롯데렌탈,KOSPI
330590,롯데리츠,KOSPI
003240,태광산업,KOSPI
003470,유안타증권,KOSPI
456040,OCI,KOSPI
388720,유일로보틱스,KOSDAQ
036830,솔브레인홀딩스,KOSDAQ GLOBAL
466100,클로봇,KOSDAQ
050890,쏠리드,KOSDAQ
300720,한일시멘트,KOSPI
006340,대원전선,KOSPI
185750,종근당,KOSPI
280360,롯데웰푸드,KOSPI
083450,GST,KOSDAQ
033100,제룡전기,KOSDAQ
115180,큐리언트,KOSDAQ
222080,씨아이에스,KOSDAQ GLOBAL
052020,에스티큐브,KOSDAQ
456160,지투지바이오,KOSDAQ
033240,자화전자,KOSPI
009450,경동나비엔,KOSPI
005300,롯데칠성,KOSPI
496320,본시스템즈,KONEX
074600,원익QnC,KOSDAQ GLOBAL
033790,피노,KOSDAQ
365550,ESR켄달스퀘어리츠,KOSPI
298050,HS효성첨단소재,KOSPI
000670,영풍,KOSPI
071055,한국금융지주우,KOSPI
248070,솔루엠,KOSPI
137310,에스디바이오센서,KOSPI
023160,태광,KOSDAQ
010780,아이에스동서,KOSPI
005690,파미셀,KOSPI
057050,현대홈쇼핑,KOSPI
00088K,한화3우B,KOSPI
108320,LX세미콘,KOSPI
075580,세진중공업,KOSPI
014620,성광벤드,KOSDAQ
451800,한화리츠,KOSPI
086450,동국제약,KOSDAQ GLOBAL
171090,선익시스템,KOSDAQ
376900,로킷헬스케어,KOSDAQ
183300,코미코,KOSDAQ GLOBAL
003160,디아이,KOSPI
094170,동운아나텍,KOSDAQ
100840,SNT에너지,KOSPI
192400,쿠쿠홀딩스,KOSPI
006120,SK디스커버리,KOSPI
476060,온코닉테라퓨틱스,KOSDAQ
293490,카카오게임즈,KOSDAQ GLOBAL
079900,전진건설로봇,KOSPI
056080,유진로봇,KOSDAQ
001510,SK증권,KOSPI
358570,지아이이노베이션,KOSDAQ
035760,CJ ENM,KOSDAQ GLOBAL
121600,나노신소재,KOSDAQ
006650,대한유화,KOSPI
036530,SNT홀딩스,KOSPI
365340,성일하이텍,KOSDAQ
002020,코오롱,KOSPI
122870,와이지엔터테인먼트,KOSDAQ
046890,서울반도체,KOSDAQ GLOBAL
252990,샘씨엔에스,KOSDAQ
499790,GS피앤엘,KOSPI
064960,SNT모티브,KOSPI
030190,NICE평가정보,KOSPI
025540,한국단자,KOSPI
053610,프로텍,KOSDAQ
052400,코나아이,KOSDAQ
033640,네패스,KOSDAQ
037460,삼지전자,KOSDAQ
090360,로보스타,KOSDAQ
032190,다우데이타,KOSDAQ
044490,태웅,KOSDAQ
071320,지역난방공사,KOSPI
348370,엔켐,KOSDAQ
477850,마키나락스,KOSDAQ
327260,RF머트리얼즈,KOSDAQ
033160,엠케이전자,KOSDAQ
178920,PI첨단소재,KOSPI
253450,스튜디오드래곤,KOSDAQ GLOBAL
000370,한화손해보험,KOSPI
174900,앱클론,KOSDAQ
005880,대한해운,KOSPI
003850,보령,KOSPI
214320,이노션,KOSPI
241710,코스메카코리아,KOSDAQ
285130,SK케미칼,KOSPI
004490,세방전지,KOSPI
077360,덕산하이메탈,KOSDAQ
348340,뉴로메카,KOSDAQ
336570,원텍,KOSDAQ
036810,에프에스티,KOSDAQ
336370,솔루스첨단소재,KOSPI
484870,엠앤씨솔루션,KOSPI
079160,CJ CGV,KOSPI
348210,넥스틴,KOSDAQ GLOBAL
082270,젬백스,KOSDAQ
017900,광전자,KOSPI
425420,티에프이,KOSDAQ
060250,NHN KCP,KOSDAQ
009520,포스코엠텍,KOSDAQ GLOBAL
059090,미코,KOSDAQ
399720,가온칩스,KOSDAQ
005090,SGC에너지,KOSPI
009240,한샘,KOSPI
253590,네오셈,KOSDAQ
225570,넥슨게임즈,KOSDAQ
003030,세아제강지주,KOSPI
006730,서부T&D,KOSDAQ
317450,명인제약,KOSPI
102940,코오롱생명과학,KOSDAQ
003620,KG모빌리티,KOSPI
383800,LX홀딩스,KOSPI
086900,메디톡스,KOSDAQ
000400,롯데손해보험,KOSPI
389470,인벤티지랩,KOSDAQ
102710,이엔에프테크놀로지,KOSDAQ
356680,엑스게이트,KOSDAQ
069260,TKG휴켐스,KOSPI
161000,애경케미칼,KOSPI
069540,빛과전자,KOSDAQ
249420,일동제약,KOSPI
272290,이녹스첨단소재,KOSDAQ GLOBAL
007700,F&F홀딩스,KOSPI
053800,안랩,KOSDAQ
089010,켐트로닉스,KOSDAQ
114090,GKL,KOSPI
008060,대덕,KOSPI
368770,파이버프로,KOSDAQ
001060,JW중외제약,KOSPI
033500,동성화인텍,KOSDAQ
093050,LF,KOSPI
089890,코세스,KOSDAQ
112040,위메이드,KOSDAQ
002960,한국쉘석유,KOSPI
001680,대상,KOSPI
005250,녹십자홀딩스,KOSPI
448900,한국피아이엠,KOSDAQ
383310,에코프로에이치엔,KOSDAQ
014820,동원시스템즈,KOSPI
005180,빙그레,KOSPI
001270,부국증권,KOSPI
293940,신한알파리츠,KOSPI
019210,와이지-원,KOSDAQ
058650,세아홀딩스,KOSPI
016380,KG스틸,KOSPI
122640,예스티,KOSDAQ
452280,한선엔지니어링,KOSDAQ
001500,현대차증권,KOSPI
00104K,CJ4우(전환),KOSPI
217590,티엠씨,KOSPI
0011T0,채비,KOSDAQ
002350,넥센타이어,KOSPI
015750,성우하이텍,KOSDAQ
460930,현대힘스,KOSDAQ
199800,툴젠,KOSDAQ
078350,한양디지텍,KOSDAQ
376300,디어유,KOSDAQ
001570,금양,KOSPI
200710,에이디테크놀로지,KOSDAQ
214430,아이쓰리시스템,KOSDAQ
486990,노타,KOSDAQ
278280,천보,KOSDAQ
475960,토모큐브,KOSDAQ
017940,E1,KOSPI
006380,카프로,KOSPI
354320,알멕,KOSDAQ
452260,한화갤러리아,KOSPI
005389,현대차3우B,KOSPI
041830,인바디,KOSDAQ
104830,원익머트리얼즈,KOSDAQ
005810,풍산홀딩스,KOSPI
125490,한라캐스트,KOSDAQ
000640,동아쏘시오홀딩스,KOSPI
024850,HLB이노베이션,KOSDAQ
460860,동국제강,KOSPI
092190,서울바이오시스,KOSDAQ
011930,신성이엔지,KOSPI
005420,코스모화학,KOSPI
067160,SOOP,KOSDAQ GLOBAL
039130,하나투어,KOSPI
045100,한양이엔지,KOSDAQ
389500,에스비비테크,KOSDAQ
493280,아이엠바이오로직스,KOSDAQ
453340,현대그린푸드,KOSPI
003280,흥아해운,KOSPI
002240,고려제강,KOSPI
332570,PS일렉트로닉스,KOSDAQ
019170,신풍제약,KOSPI
002840,미원상사,KOSPI
041960,코미팜,KOSDAQ
425040,티이엠씨,KOSDAQ
001530,DI동일,KOSPI
290550,디케이티,KOSDAQ
009900,명신산업,KOSPI
093320,케이아이엔엑스,KOSDAQ
099190,아이센스,KOSDAQ
101930,인화정공,KOSDAQ
372320,큐로셀,KOSDAQ
060280,큐렉소,KOSDAQ
271940,일진하이솔루스,KOSPI
393890,더블유씨피,KOSDAQ GLOBAL
094800,맵스리얼티,KOSPI
064290,인텍플러스,KOSDAQ
006910,보성파워텍,KOSDAQ
010820,퍼스텍,KOSPI
003545,대신증권우,KOSPI
008730,율촌화학,KOSPI
330860,네패스아크,KOSDAQ
041190,우리기술투자,KOSDAQ
009410,태영건설,KOSPI
039440,에스티아이,KOSDAQ
078160,메디포스트,KOSDAQ
377740,바이오노트,KOSPI
018290,브이티,KOSDAQ
042000,카페24,KOSDAQ
025980,아난티,KOSDAQ
468530,프로티나,KOSDAQ
003000,부광약품,KOSPI
003300,한일홀딩스,KOSPI
268280,미원에스씨,KOSPI
138080,오이솔루션,KOSDAQ
284740,쿠쿠홈시스,KOSPI
015860,일진홀딩스,KOSPI
110990,디아이티,KOSDAQ
168360,펨트론,KOSDAQ
016610,DB증권,KOSPI
340570,티앤엘,KOSDAQ
064260,다날,KOSDAQ
001200,유진투자증권,KOSPI
025320,시노펙스,KOSDAQ
000157,두산2우B,KOSPI
130660,한전산업,KOSPI
030520,한글과컴퓨터,KOSDAQ GLOBAL
006405,삼성SDI우,KOSPI
020000,한섬,KOSPI
211050,인카금융서비스,KOSDAQ
230360,에코마케팅,KOSDAQ
025900,동화기업,KOSDAQ GLOBAL
004710,한솔테크닉스,KOSPI
014830,유니드,KOSPI
170920,엘티씨,KOSDAQ
031430,신세계인터내셔날,KOSPI
482630,삼양엔씨켐,KOSDAQ
448730,삼성FN리츠,KOSPI
0120G0,삼양바이오팜,KOSPI
254490,미래반도체,KOSDAQ
005945,NH투자증권우,KOSPI
114810,한솔아이원스,KOSDAQ
287840,인투셀,KOSDAQ
381970,케이카,KOSPI
080580,오킨스전자,KOSDAQ
394280,오픈엣지테크놀로지,KOSDAQ
013030,하이록코리아,KOSDAQ
012030,DB,KOSPI
107640,한중엔시에스,KOSDAQ
274090,켄코아에어로스페이스,KOSDAQ
034310,NICE,KOSPI
144960,뉴파워프라즈마,KOSDAQ
034950,한국기업평가,KOSDAQ
251970,펌텍코리아,KOSDAQ
101160,월덱스,KOSDAQ
950210,프레스티지바이오파마,KOSPI
203650,드림시큐리티,KOSDAQ
036620,감성코퍼레이션,KOSDAQ
179900,유티아이,KOSDAQ
035890,서희건설,KOSDAQ
488900,비츠로넥스텍,KOSDAQ
092790,넥스틸,KOSPI
092870,엑시콘,KOSDAQ
317330,덕산테코피아,KOSDAQ
084110,휴온스글로벌,KOSDAQ
119850,지엔씨에너지,KOSDAQ
000070,삼양홀딩스,KOSPI
002030,아세아,KOSPI
004690,삼천리,KOSPI
145990,삼양사,KOSPI
424870,이뮨온시아,KOSDAQ
105840,우진,KOSPI
306200,세아제강,KOSPI
403550,쏘카,KOSPI
002710,TCC스틸,KOSPI
027410,BGF,KOSPI
215600,신라젠,KOSDAQ
145720,덴티움,KOSPI
047920,HLB제약,KOSDAQ
005950,이수화학,KOSPI
046970,우리로,KOSDAQ
072710,농심홀딩스,KOSPI
441270,파인엠텍,KOSDAQ
078130,국일제지,KOSDAQ
230240,에치에프알,KOSDAQ
095660,네오위즈,KOSDAQ
015360,INVENI,KOSPI
357120,코람코라이프인프라리츠,KOSPI
010690,화신,KOSPI
456010,아이씨티케이,KOSDAQ
079370,제우스,KOSDAQ
067630,HLB생명과학,KOSDAQ
117730,티로보틱스,KOSDAQ
376270,HEM파마,KOSDAQ
052710,아모텍,KOSDAQ
079940,가비아,KOSDAQ
004700,조광피혁,KOSPI
455900,엔젤로보틱스,KOSDAQ
215200,메가스터디교육,KOSDAQ GLOBAL
187660,페니트리움바이오,KOSDAQ
016590,신대양제지,KOSPI
452430,사피엔반도체,KOSDAQ
344820,KCC글라스,KOSPI
042520,한스바이오메드,KOSDAQ
417840,저스템,KOSDAQ
006220,제주은행,KOSPI
090435,아모레퍼시픽우,KOSPI
265520,AP시스템,KOSDAQ
234340,헥토파이낸셜,KOSDAQ
060980,HL홀딩스,KOSPI
098070,한텍,KOSDAQ
029530,신도리코,KOSPI
089590,제주항공,KOSPI
085910,네오티스,KOSDAQ
097520,엠씨넥스,KOSPI
417310,코람코더원리츠,KOSPI
017810,풀무원,KOSPI
484590,삼양컴텍,KOSDAQ
064820,케이프,KOSDAQ
304360,에스바이오메딕스,KOSDAQ
126720,수산인더스트리,KOSPI
170900,동아에스티,KOSPI
086390,유니테스트,KOSDAQ
206650,유바이오로직스,KOSDAQ
200470,에이팩트,KOSDAQ
058430,포스코스틸리온,KOSPI
219130,타이거일렉,KOSDAQ
029460,케이씨,KOSPI
061970,LB세미콘,KOSDAQ
078020,LS증권,KOSDAQ
002810,삼영무역,KOSPI
078150,HB테크놀러지,KOSDAQ
042370,비츠로테크,KOSDAQ
389650,넥스트바이오메디컬,KOSDAQ
243070,휴온스,KOSDAQ
025860,남해화학,KOSPI
065680,우주일렉트로,KOSDAQ
089980,상아프론테크,KOSDAQ
241770,메카로,KOSDAQ
0082N0,카나프테라퓨틱스,KOSDAQ
200880,서연이화,KOSPI
378340,필에너지,KOSDAQ
094360,칩스앤미디어,KOSDAQ
011760,현대코퍼레이션,KOSPI
160980,싸이맥스,KOSDAQ
220100,퓨쳐켐,KOSDAQ
005610,삼립,KOSPI
091810,트리니티항공,KOSPI
099430,바이오플러스,KOSDAQ
049070,인탑스,KOSDAQ
101730,위메이드맥스,KOSDAQ
241520,DSC인베스트먼트,KOSDAQ
092460,한라IMS,KOSDAQ
105630,한세실업,KOSPI
183190,아세아시멘트,KOSPI
355150,코스텍시스,KOSDAQ
192650,드림텍,KOSPI
009160,SIMPAC,KOSPI
478340,나라스페이스테크놀로지,KOSDAQ
073490,LIG아큐버,KOSDAQ
091700,파트론,KOSDAQ GLOBAL
194370,제이에스코퍼레이션,KOSPI
092230,KPX홀딩스,KOSPI
005720,넥센,KOSPI
001230,동국홀딩스,KOSPI
009290,광동제약,KOSPI
450950,아스테라시스,KOSDAQ
003800,에이스침대,KOSDAQ
298830,슈어소프트테크,KOSDAQ
036890,진성티이씨,KOSDAQ
475400,씨메스로보틱스,KOSDAQ
036200,유니셈,KOSDAQ
0001A0,덕양에너젠,KOSDAQ
084690,대상홀딩스,KOSPI
228760,지노믹트리,KOSDAQ
025770,한국정보통신,KOSDAQ
078520,에이블씨엔씨,KOSPI
092200,디아이씨,KOSPI
003720,삼영,KOSPI
001390,KG케미칼,KOSPI
005680,삼영전자,KOSPI
232530,이엠티,KONEX
084010,대한제강,KOSPI
084850,아이티엠반도체,KOSDAQ GLOBAL
034830,한국토지신탁,KOSPI
108670,LX하우시스,KOSPI
112290,와이씨켐,KOSDAQ
018250,애경산업,KOSPI
016800,퍼시스,KOSPI
462350,이노스페이스,KOSDAQ
459510,나우로보틱스,KOSDAQ
078340,컴투스,KOSDAQ GLOBAL
104700,한국철강,KOSPI
026890,스틱인베스트먼트,KOSPI
035810,이지홀딩스,KOSDAQ
02826K,삼성물산우B,KOSPI
001940,KISCO홀딩스,KOSPI
445090,에이직랜드,KOSDAQ
200130,콜마비앤에이치,KOSDAQ GLOBAL
084990,헬릭스미스,KOSDAQ
448280,에코아이,KOSDAQ
114190,강원에너지,KOSDAQ
024720,콜마홀딩스,KOSPI
069080,웹젠,KOSDAQ GLOBAL
200670,휴메딕스,KOSDAQ
007690,국도화학,KOSPI
126560,현대퓨처넷,KOSPI
012860,모베이스전자,KOSDAQ
0008Z0,에스엔시스,KOSDAQ
187870,디바이스,KOSDAQ
000650,천일고속,KOSPI
144510,지씨셀,KOSDAQ
046120,오르비텍,KOSDAQ
064850,에프앤가이드,KOSDAQ
017860,DS단석,KOSPI
494120,큐리오시스,KOSDAQ
272450,진에어,KOSPI
060720,KH바텍,KOSDAQ
014940,오리엔탈정공,KOSDAQ
125020,티씨머티리얼즈,KOSDAQ
041920,메디아나,KOSDAQ
053030,바이넥스,KOSDAQ
204620,글로벌텍스프리,KOSDAQ
054210,이랜텍,KOSDAQ
394420,리센스메디컬,KOSDAQ
394800,쓰리빌리언,KOSDAQ
451760,컨텍,KOSDAQ
136480,하림,KOSDAQ
002310,아세아제지,KOSPI
005010,휴스틸,KOSPI
314930,바이오다인,KOSDAQ
011500,한농화성,KOSPI
180400,DXVX,KOSDAQ
389260,대명에너지,KOSDAQ
002900,TYM,KOSPI
018310,삼목에스폼,KOSDAQ
307180,아이엘,KOSDAQ
0015G0,그린광학,KOSDAQ
418550,제이오,KOSDAQ
058970,엠로,KOSDAQ
065660,안트로젠,KOSDAQ
243840,신흥에스이씨,KOSDAQ
088800,에이스테크,KOSDAQ
199820,제일일렉트릭,KOSDAQ
001750,한양증권,KOSPI
286940,롯데이노베이트,KOSPI
194700,노바렉스,KOSDAQ
217730,강스템바이오텍,KOSDAQ
043150,바텍,KOSDAQ
036710,심텍홀딩스,KOSDAQ
402490,그린리소스,KOSDAQ
098120,마이크로컨텍솔,KOSDAQ
033270,유나이티드제약,KOSPI
365270,큐라클,KOSDAQ
036170,에이치엠넥스,KOSDAQ
236200,슈프리마,KOSDAQ
000680,LS네트웍스,KOSPI
389020,자람테크놀로지,KOSDAQ
051360,토비스,KOSDAQ
049630,재영솔루텍,KOSDAQ
093520,매커스,KOSDAQ
474650,링크솔루션,KOSDAQ
051370,인터플렉스,KOSDAQ
308430,셀비온,KOSDAQ
432720,퀄리타스반도체,KOSDAQ
009470,삼화전기,KOSPI
418420,라온텍,KOSDAQ
067390,아스트,KOSDAQ
017390,서울가스,KOSPI
108860,셀바스AI,KOSDAQ
003920,남양유업,KOSPI
092730,네오팜,KOSDAQ
151860,KG에코솔루션,KOSDAQ
091580,상신이디피,KOSDAQ
024840,KBI메탈,KOSDAQ
001250,GS글로벌,KOSPI
123890,한국자산신탁,KOSPI
416180,신성에스티,KOSDAQ
318060,그래피,KOSDAQ
251370,와이엠티,KOSDAQ
900140,엘브이엠씨홀딩스,KOSPI
036800,나이스정보통신,KOSDAQ
352480,씨앤씨인터내셔널,KOSDAQ
900290,GRT,KOSDAQ
004430,송원산업,KOSPI
488280,에스투더블유,KOSDAQ
005500,삼진제약,KOSPI
054450,텔레칩스,KOSDAQ
446540,메가터치,KOSDAQ
051500,CJ프레시웨이,KOSDAQ
095500,미래나노텍,KOSDAQ
382800,지앤비에스 에코,KOSDAQ
338840,와이바이오로직스,KOSDAQ
096760,JW홀딩스,KOSPI
128820,대성산업,KOSPI
023410,유진기업,KOSDAQ
272110,케이엔제이,KOSDAQ
035600,KG이니시스,KOSDAQ
419530,SAMG엔터,KOSDAQ
000430,대원강업,KOSPI
054950,제이브이엠,KOSDAQ
043370,피에이치에이,KOSDAQ
032580,피델릭스,KOSDAQ
357880,SKAI,KOSDAQ
211270,AP위성,KOSDAQ
215000,골프존,KOSDAQ GLOBAL
001340,PKC,KOSPI
002320,한진,KOSPI
334890,이지스밸류플러스리츠,KOSPI
004380,삼익THK,KOSPI
357550,석경에이티,KOSDAQ
472850,폰드그룹,KOSDAQ
006805,미래에셋증권우,KOSPI
322310,오로스테크놀로지,KOSDAQ
012210,삼미금속,KOSDAQ
475560,더본코리아,KOSPI
190510,나무가,KOSDAQ
439090,마녀공장,KOSDAQ
101360,에코앤드림,KOSDAQ
099440,스맥,KOSDAQ
094480,갤럭시아머니트리,KOSDAQ
088260,이리츠코크렙,KOSPI
003960,사조대림,KOSPI
037710,광주신세계,KOSPI
309710,아이티켐,KOSDAQ
003120,일성아이에스,KOSPI
000490,대동,KOSPI
267980,매일유업,KOSDAQ
008490,서흥,KOSPI
004360,세방,KOSPI
115450,HLB테라퓨틱스,KOSDAQ
123860,아나패스,KOSDAQ
226320,잇츠한불,KOSPI
182400,엔케이젠바이오텍코리아,KOSDAQ
382900,범한퓨얼셀,KOSDAQ
290690,소룩스,KOSDAQ
000050,경방,KOSPI
003520,영진약품,KOSPI
001460,BYC,KOSPI
100120,뷰웍스,KOSDAQ
037270,YG PLUS,KOSPI
138610,나이벡,KOSDAQ
294570,쿠콘,KOSDAQ
017890,한국알콜,KOSDAQ
019010,베뉴지,KOSDAQ
0088M0,메쥬,KOSDAQ
064550,바이오니아,KOSDAQ
464080,에스오에스랩,KOSDAQ
034120,SBS,KOSPI
061090,세나테크놀로지,KOSDAQ
244920,에이플러스에셋,KOSPI
023760,한국캐피탈,KOSDAQ
121800,비덴트,KOSDAQ
067080,대화제약,KOSDAQ
308080,바이젠셀,KOSDAQ
000320,노루홀딩스,KOSPI
003070,코오롱글로벌,KOSPI
304100,솔트룩스,KOSDAQ
209640,와이제이링크,KOSDAQ
361390,제노코,KOSDAQ
950170,JTC,KOSDAQ
484810,티엑스알로보틱스,KOSDAQ
003200,일신방직,KOSPI
377460,큐에이드,KOSDAQ
0030R0,대신밸류리츠,KOSPI
083310,엘오티베큠,KOSDAQ
0007C0,아크릴,KOSDAQ
011560,세보엠이씨,KOSDAQ
004560,현대비앤지스틸,KOSPI
314130,지놈앤컴퍼니,KOSDAQ
000540,흥국화재,KOSPI
018000,유니슨,KOSDAQ
053690,한미글로벌,KOSPI
255220,SG,KOSDAQ
134380,미원화학,KOSPI
102120,어보브반도체,KOSDAQ
489500,엘케이켐,KOSDAQ
474170,루미르,KOSDAQ
045390,대아티아이,KOSDAQ
138360,앤로보틱스,KOSDAQ
119610,인터로조,KOSDAQ
001780,알루코,KOSPI
078070,유비쿼스홀딩스,KOSDAQ
092070,디엔에프,KOSDAQ
159010,아스플로,KOSDAQ
044450,KSS해운,KOSPI
092220,KEC,KOSPI
122900,아이마켓코리아,KOSPI
136490,선진,KOSPI
405100,큐알티,KOSDAQ
094820,일진파워,KOSDAQ
010580,에스엠벡셀,KOSPI
115500,케이씨에스,KOSDAQ
005430,한국공항,KOSPI
030210,다올투자증권,KOSPI
432320,KB스타리츠,KOSPI
007160,사조산업,KOSPI
206640,바디텍메드,KOSDAQ
256840,한국비엔씨,KOSDAQ
012610,경인양행,KOSPI
372170,윤성에프앤씨,KOSDAQ
036030,케이티알파,KOSDAQ
461300,아이스크림미디어,KOSDAQ
232680,라온로보틱스,KOSDAQ
053300,한국정보인증,KOSDAQ
005710,대원산업,KOSDAQ
033530,SJG세종,KOSPI
126700,하이비젼시스템,KOSDAQ
03473K,SK우,KOSPI
004310,현대약품,KOSPI
199430,케이엔알시스템,KOSDAQ
062970,한국첨단소재,KOSDAQ
348950,제이알글로벌리츠,KOSPI
001790,대한제당,KOSPI
241590,화승엔터프라이즈,KOSPI
226590,엠디바이스,KOSDAQ
457550,우진엔텍,KOSDAQ
149950,아바텍,KOSDAQ
126600,BGF에코머티리얼즈,KOSDAQ
404990,신한서부티엔디리츠,KOSPI
108380,대양전기공업,KOSDAQ
003555,LG우,KOSPI
013890,지누스,KOSPI
377190,디앤디플랫폼리츠,KOSPI
122990,와이솔,KOSDAQ
004980,성신양회,KOSPI
214180,헥토이노베이션,KOSDAQ
065710,서호전기,KOSDAQ
033920,무학,KOSPI
001630,종근당홀딩스,KOSPI
068930,디지털대성,KOSDAQ
034810,해성산업,KOSDAQ
000480,CR홀딩스,KOSPI
035510,신세계 I&C,KOSPI
210980,SK디앤디,KOSPI
025000,KPX케미칼,KOSPI
013120,동원개발,KOSDAQ
012200,계양전기,KOSPI
003650,미창석유,KOSPI
011690,와이투솔루션,KOSPI
484120,도우인시스,KOSDAQ
353810,이지바이오,KOSDAQ
042600,새로닉스,KOSDAQ
126730,코칩,KOSDAQ
298690,에어부산,KOSPI
452450,피아이이,KOSDAQ
417010,나노팀,KOSDAQ
009680,모토닉,KOSPI
035150,백산,KOSPI
264850,이랜시스,KOSDAQ
010955,S-Oil우,KOSPI
321550,티움바이오,KOSDAQ
007860,서연,KOSPI
051905,LG생활건강우,KOSPI
102460,이연제약,KOSPI
083930,아바코,KOSDAQ
041020,폴라리스오피스,KOSDAQ
264450,유비쿼스,KOSDAQ
237880,클리오,KOSDAQ
388050,지투파워,KOSDAQ
117580,대성에너지,KOSPI
380550,뉴로핏,KOSDAQ
194480,데브시스터즈,KOSDAQ
039840,디오,KOSDAQ
445180,퓨릿,KOSDAQ
086820,바이오솔루션,KOSDAQ
001080,만호제강,KOSPI
187790,나노,KOSDAQ
146320,비씨엔씨,KOSDAQ
028100,동아지질,KOSPI
462860,더즌,KOSDAQ
402030,코난테크놀로지,KOSDAQ
003350,한국화장품제조,KOSPI
487570,HS효성,KOSPI
036560,KZ정밀,KOSDAQ
008350,남선알미늄,KOSPI
481070,에이유브랜즈,KOSDAQ
095570,AJ네트웍스,KOSPI
176750,듀켐바이오,KOSDAQ
003220,대원제약,KOSPI
053210,스카이라이프,KOSPI
039860,나노엔텍,KOSDAQ
458650,성우,KOSDAQ
000390,SP삼화,KOSPI
339770,교촌에프앤비,KOSPI
102260,동성케미컬,KOSPI
052330,코텍,KOSDAQ
270660,에브리봇,KOSDAQ
001130,대한제분,KOSPI
380540,옵티코어,KOSDAQ
084680,이월드,KOSPI
140670,알에스오토메이션,KOSDAQ
058820,CMG제약,KOSDAQ
293580,나우IB,KOSDAQ
216080,제테마,KOSDAQ
071200,인피니트헬스케어,KOSDAQ
118990,모트렉스,KOSDAQ
039570,HDC랩스,KOSPI
016580,환인제약,KOSPI
474610,RF시스템즈,KOSDAQ
285490,노바텍,KOSDAQ
002150,도화엔지니어링,KOSPI
036190,금화피에스시,KOSDAQ
000140,하이트진로홀딩스,KOSPI
242040,나무기술,KOSDAQ
025820,이구산업,KOSPI
469610,이노테크,KOSDAQ
039830,오로라,KOSDAQ
013580,계룡건설,KOSPI
147830,제룡산업,KOSDAQ
289080,SV인베스트먼트,KOSDAQ
221800,지구홀딩스,KOSDAQ
950140,잉글우드랩,KOSDAQ
121440,골프존홀딩스,KOSDAQ
024060,흥구석유,KOSDAQ
0011A0,액스비스,KOSDAQ
203400,에이비온,KOSDAQ
119830,아이텍,KOSDAQ
003547,대신증권2우B,KOSPI
125210,아모그린텍,KOSDAQ
083500,에프엔에스테크,KOSDAQ
288180,케이피항공산업,KOSDAQ
166480,코아스템켐온,KOSDAQ
123410,코리아에프티,KOSDAQ
192440,슈피겐코리아,KOSDAQ
371950,풍원정밀,KOSDAQ
073010,케이에스피,KOSDAQ
260870,SK시그넷,KONEX
267320,나인테크,KOSDAQ
079960,동양이엔피,KOSDAQ
100250,진양홀딩스,KOSPI
000860,강남제비스코,KOSPI
264660,씨앤지하이테크,KOSDAQ
047310,파워로직스,KOSDAQ
054920,한컴위드,KOSDAQ
080160,모두투어,KOSDAQ
289930,웨이비스,KOSDAQ
403850,더핑크퐁컴퍼니,KOSDAQ
104480,티케이케미칼,KOSDAQ
158430,아톤,KOSDAQ
032620,GC메디아이,KOSDAQ
003610,방림,KOSPI
025560,미래산업,KOSPI
234080,JW생명과학,KOSPI
259630,엠플러스,KOSDAQ
016790,현대사료,KOSDAQ
101170,우림피티에스,KOSDAQ
059120,아진엑스텍,KOSDAQ
101530,해태제과식품,KOSPI
234690,녹십자웰빙,KOSDAQ
293780,압타바이오,KOSDAQ
306620,지아이에스,KOSDAQ
060150,인선이엔티,KOSDAQ
051980,중앙첨단소재,KOSDAQ
001045,CJ우,KOSPI
039560,다산네트웍스,KOSDAQ
042420,네오위즈홀딩스,KOSDAQ
220260,켐트로스,KOSDAQ
016880,웅진,KOSPI
095700,제넥신,KOSDAQ
011785,금호석유화학우,KOSPI
452190,한빛레이저,KOSDAQ
007570,일양약품,KOSPI
037030,파워넷,KOSDAQ
321370,센서뷰,KOSDAQ
044820,코스맥스비티아이,KOSPI
299030,하나기술,KOSDAQ
002100,경농,KOSPI
260970,에스앤디,KOSDAQ
066620,국보디자인,KOSDAQ
282880,코윈테크,KOSDAQ
003460,유화증권,KOSPI
031440,신세계푸드,KOSPI
143160,아이디스,KOSDAQ
163730,핑거,KOSDAQ
377450,리파인,KOSDAQ
036010,아비코전자,KOSDAQ
460850,동국씨엠,KOSPI
101970,우양에이치씨,KOSDAQ
017550,수산세보틱스,KOSPI
293480,하나제약,KOSPI
0004V0,엔비알모션,KOSDAQ
142210,유니트론텍,KOSDAQ
114840,아이패밀리에스씨,KOSDAQ
018470,조일알미늄,KOSPI
017510,세명전기,KOSDAQ
271980,제일약품,KOSPI
015230,대창단조,KOSPI
297890,HB솔루션,KOSDAQ
007610,선도전기,KOSPI
007330,푸른저축은행,KOSDAQ
053080,케이엔솔,KOSDAQ
140610,엔솔바이오사이언스,KONEX
081000,일진다이아,KOSPI
004150,한솔홀딩스,KOSPI
019180,티에이치엔,KOSPI
016450,한세예스24홀딩스,KOSPI
000300,DH오토넥스,KOSPI
487580,폴레드,KOSDAQ
056090,시지메드텍,KOSDAQ
097955,CJ제일제당 우,KOSPI
086980,쇼박스,KOSDAQ
092130,이크레더블,KOSDAQ
462520,조선내화,KOSPI
396270,넥스트칩,KOSDAQ
357580,아모센스,KOSDAQ
005960,동부건설,KOSPI
212560,네오오토,KOSDAQ
000020,동화약품,KOSPI
048870,시너지이노베이션,KOSDAQ
004090,한국석유,KOSPI
077500,유니퀘스트,KOSPI
037560,LG헬로비전,KOSPI
172670,에이엘티,KOSDAQ
037350,성도이엔지,KOSDAQ
049430,코메론,KOSDAQ
307750,국전,KOSDAQ
046440,KG파이낸셜,KOSDAQ
008970,KBI동양철관,KOSPI
038390,레드캡투어,KOSDAQ
002170,SYTS,KOSPI
078890,가온그룹,KOSDAQ
473980,노머스,KOSDAQ
049960,쎌바이오텍,KOSDAQ
023910,대한약품,KOSDAQ
024800,유성티엔에스,KOSDAQ
400760,NH올원리츠,KOSPI
950250,테라뷰,KOSDAQ
222040,코스맥스엔비티,KOSDAQ
143240,사람인,KOSDAQ
115440,우리넷,KOSDAQ
000520,삼일제약,KOSPI
068790,DMS,KOSDAQ
005990,매일홀딩스,KOSDAQ
453450,그리드위즈,KOSDAQ
040160,누리플렉스,KOSDAQ
006060,화승인더,KOSPI
008830,대동기어,KOSDAQ
071840,롯데하이마트,KOSPI
263860,지니언스,KOSDAQ
179290,엠아이텍,KOSDAQ
106190,하이텍팜,KOSDAQ
340450,지씨지놈,KOSDAQ
011040,경동제약,KOSDAQ
088130,동아엘텍,KOSDAQ
323350,다원넥스뷰,KOSDAQ
213500,한솔제지,KOSPI
013990,아가방컴퍼니,KOSDAQ
090350,노루페인트,KOSPI
053700,삼보모터스,KOSDAQ
204610,티쓰리,KOSDAQ
054800,아이디스홀딩스,KOSDAQ
322180,LS티라유텍,KOSDAQ
003480,한진중공업홀딩스,KOSPI
115310,인포바인,KOSDAQ
032940,원익,KOSDAQ
475230,엔알비,KOSDAQ
123330,제닉,KOSDAQ
108230,톱텍,KOSDAQ
297090,씨에스베어링,KOSDAQ
002990,금호건설,KOSPI
381620,제닉스로보틱스,KOSDAQ
066410,버킷스튜디오,KOSDAQ
046070,코다코,KOSDAQ
192410,오늘이엔엠,KOSDAQ
009070,KCTC,KOSPI
396300,세아메카닉스,KOSDAQ
214420,토니모리,KOSPI
33626K,두산퓨얼셀1우,KOSPI
082800,비보존 제약,KOSDAQ
290740,액트로,KOSDAQ
240550,동방메디컬,KOSDAQ
000970,한국주철관,KOSPI
001520,동양,KOSPI
002780,진흥기업,KOSPI
334970,프레스티지바이오로직스,KOSDAQ
210540,디와이파워,KOSPI
041440,현대에버다임,KOSDAQ
095190,신화프리텍,KOSDAQ
412350,레이저쎌,KOSDAQ
148150,세경하이테크,KOSDAQ
072870,메가스터디,KOSDAQ
300080,플리토,KOSDAQ
317400,자이에스앤디,KOSPI
005160,동국산업,KOSDAQ
333430,일승,KOSDAQ
012800,대창,KOSPI
001360,삼성제약,KOSPI
272550,삼양패키징,KOSPI
086890,이수앱지스,KOSDAQ
021080,에이티넘인베스트,KOSDAQ
365330,에스와이스틸텍,KOSDAQ
067280,멀티캠퍼스,KOSDAQ
086670,비엠티,KOSDAQ
105330,케이엔더블유,KOSDAQ
003830,대한화섬,KOSPI
038290,마크로젠,KOSDAQ
086960,MDS테크,KOSDAQ
071280,로체시스템즈,KOSDAQ
023600,삼보판지,KOSDAQ
00279K,아모레퍼시픽홀딩스3우C,KOSPI
225190,LK삼양,KOSDAQ
047560,이스트소프트,KOSDAQ
093640,케이알엠,KOSDAQ
217270,넵튠,KOSDAQ
000700,유수홀딩스,KOSPI
093190,빅솔론,KOSDAQ
054540,삼영엠텍,KOSDAQ
014280,금강공업,KOSPI
214390,경보제약,KOSPI
298000,효성화학,KOSPI
041520,이엘씨,KOSDAQ
004970,신라교역,KOSPI
223250,드림씨아이에스,KOSDAQ
129920,대성하이텍,KOSDAQ
338220,뷰노,KOSDAQ
408920,메쎄이상,KOSDAQ
003100,선광,KOSDAQ
042510,라온시큐어,KOSDAQ
323990,박셀바이오,KOSDAQ
015890,태경산업,KOSPI
002230,피에스텍,KOSDAQ
217950,파마리서치바이오,KONEX
107600,새빗켐,KOSDAQ
004960,한신공영,KOSPI
382840,원준,KOSDAQ
122450,KX,KOSDAQ
094280,효성ITX,KOSPI
037070,파세코,KOSDAQ
010100,한국무브넥스,KOSPI
089470,HDC현대EP,KOSPI
069510,에스텍,KOSDAQ
388790,라이콤,KOSDAQ
307930,컴퍼니케이,KOSDAQ
052900,KX하이텍,KOSDAQ
013520,화승코퍼레이션,KOSPI
052420,오성첨단소재,KOSDAQ
080420,모다이노칩,KOSDAQ
049720,고려신용정보,KOSDAQ
217820,원익피앤이,KOSDAQ
136540,윈스테크넷,KOSDAQ
020120,키다리스튜디오,KOSPI
040300,YTN,KOSDAQ
009580,무림P&P,KOSPI
013310,아진산업,KOSDAQ
417500,제이아이테크,KOSDAQ
234030,싸이닉솔루션,KOSDAQ
256940,킵스파마,KOSDAQ
027710,팜스토리,KOSDAQ
066430,아이로보틱스,KOSDAQ
100590,머큐리,KOSDAQ
250060,모비스,KOSDAQ
016740,두올,KOSPI
066310,큐에스아이,KOSDAQ
235980,메드팩토,KOSDAQ
015590,DKME,KOSPI
078000,텔코웨어,KOSPI
085670,뉴프렉스,KOSDAQ
049950,미래컴퍼니,KOSDAQ
336680,탑런토탈솔루션,KOSDAQ
067990,도이치모터스,KOSDAQ
396470,워트,KOSDAQ
079430,현대리바트,KOSPI
262260,에이프로,KOSDAQ
214680,디알텍,KOSDAQ
025620,차AI헬스케어,KOSPI
001540,안국약품,KOSDAQ
007540,샘표,KOSPI
267290,경동도시가스,KOSPI
076610,해성옵틱스,KOSDAQ
002620,제일파마홀딩스,KOSPI
215100,로보로보,KOSDAQ
321260,프로이천,KOSDAQ
027970,한국제지,KOSPI
107590,미원홀딩스,KOSPI
156100,엘앤케이바이오,KOSDAQ
255440,야스,KOSDAQ
006620,동구바이오제약,KOSDAQ
070960,모나용평,KOSPI
024090,디씨엠,KOSPI
123040,엠에스오토텍,KOSDAQ
269620,시스웍,KOSDAQ
063570,NICE인프라,KOSDAQ
389030,지니너스,KOSDAQ
045970,코아시아,KOSDAQ
014710,사조씨푸드,KOSPI
021820,세원정공,KOSPI
009270,신원,KOSPI
282720,금양그린파워,KOSDAQ
012320,경동인베스트,KOSPI
141000,비아트론,KOSDAQ
004080,신흥,KOSPI
493330,지에프아이,KOSDAQ
021320,KCC건설,KOSDAQ
039980,폴라리스AI,KOSDAQ
089600,KT나스미디어,KOSDAQ
322510,제이엘케이,KOSDAQ
011280,태림포장,KOSPI
360070,탑머티리얼,KOSDAQ
331920,셀레믹스,KOSDAQ
205100,엑셈,KOSDAQ
072950,빛샘전자,KOSDAQ
350520,이지스레지던스리츠,KOSPI
330730,스톤브릿지벤처스,KOSDAQ
008040,사조동아원,KOSPI
205500,넥써쓰,KOSDAQ
366030,공구우먼,KOSDAQ
005800,신영와코루,KOSPI
016710,대성홀딩스,KOSPI
142280,녹십자엠에스,KOSDAQ
136150,원일티엔아이,KOSDAQ
331740,아우토크립트,KOSDAQ
083420,그린케미칼,KOSPI
475580,에이럭스,KOSDAQ
123690,한국화장품,KOSPI
036690,코맥스,KOSDAQ
005860,한일사료,KOSDAQ
109740,디에스케이,KOSDAQ
456070,이엔셀,KOSDAQ
263720,디앤씨미디어,KOSDAQ
059270,해성에어로보틱스,KOSDAQ
131030,옵투스제약,KOSDAQ
084670,동양고속,KOSPI
310200,애니플러스,KOSDAQ
002390,한독,KOSPI
004250,NPC,KOSPI
109610,에스와이,KOSDAQ
092040,아미코젠,KOSDAQ
014580,태경비케이,KOSPI
049080,기가레인,KOSDAQ
067900,와이엔텍,KOSDAQ
065450,빅텍,KOSDAQ
950130,엑세스바이오,KOSDAQ
002460,HS화성,KOSPI
014530,극동유화,KOSPI
339950,아이비김영,KOSDAQ
0007J0,인벤테라,KOSDAQ
025950,동신건설,KOSDAQ
002220,한일철강,KOSPI
120030,조선선재,KOSPI
317770,엑스페릭스,KOSDAQ
001290,상상인증권,KOSPI
052260,현대바이오랜드,KOSDAQ
011700,한신기계,KOSPI
413630,씨피시스템,KOSDAQ
047770,코데즈컴바인,KOSDAQ
029480,광무,KOSDAQ
001020,페이퍼코리아,KOSPI
051160,지어소프트,KOSDAQ
309960,LB인베스트먼트,KOSDAQ
0015S0,페스카로,KOSDAQ
464490,쿼드메디슨,KOSDAQ
096250,와이즈넛,KOSDAQ
049520,유아이엘,KOSDAQ
009780,엠에스씨,KOSDAQ
054050,NH농우바이오,KOSDAQ
101330,모베이스,KOSDAQ
013570,디와이,KOSPI
038540,상상인,KOSDAQ
002450,삼익악기,KOSPI
035000,HS애드,KOSPI
038110,에코플라스틱,KOSDAQ
007210,벽산,KOSPI
011000,진원생명과학,KOSPI
417970,모델솔루션,KOSDAQ
357230,에이치피오,KOSDAQ
182360,큐브엔터,KOSDAQ
139990,아주스틸,KOSPI
443670,에스피소프트,KOSDAQ
226400,오스테오닉,KOSDAQ
067000,조이시티,KOSDAQ
311320,지오엘리먼트,KOSDAQ
149980,하이로닉,KOSDAQ
047820,초록뱀미디어,KOSDAQ
035080,그래디언트,KOSDAQ
041590,플래스크,KOSDAQ
408470,한패스,KOSDAQ
073560,우리손에프앤지,KOSDAQ
024880,케이피에프,KOSDAQ
089230,THE E&M,KOSDAQ
253840,수젠텍,KOSDAQ
034590,인천도시가스,KOSPI
044990,에이치엔에스하이텍,KOSDAQ
227840,현대코퍼레이션홀딩스,KOSPI
217330,싸이토젠,KOSDAQ
018120,진로발효,KOSDAQ
248170,샘표식품,KOSPI
090850,현대이지웰,KOSDAQ
074430,아미노로직스,KOSDAQ
212710,아이에스티이,KOSDAQ
228850,레이언스,KOSDAQ
052860,아이앤씨,KOSDAQ
290720,푸드나무,KOSDAQ
023800,인지컨트롤스,KOSPI
451220,아이엠티,KOSDAQ
267850,아시아나IDT,KOSPI
090470,제이스로보틱스,KOSDAQ
032300,한국파마,KOSDAQ
033340,좋은사람들,KOSDAQ
023900,풍국주정,KOSDAQ
000440,중앙에너비스,KOSDAQ
363280,티와이홀딩스,KOSPI
067830,세이브존I&C,KOSPI
036220,오상헬스케어,KOSDAQ
117670,알파칩스,KOSDAQ
014790,HL D&I,KOSPI
131370,알서포트,KOSDAQ
246710,티앤알바이오팹,KOSDAQ
104460,디와이피엔에프,KOSDAQ
411080,샌즈랩,KOSDAQ
476040,오가노이드사이언스,KOSDAQ
229500,노브메타파마,KONEX
004100,태양금속,KOSPI
059210,메타바이오메드,KOSDAQ
078140,대봉엘에스,KOSDAQ
066980,한성크린텍,KOSDAQ
011810,STX,KOSPI
088390,이녹스,KOSDAQ
079810,APS이노베이션,KOSDAQ
004140,동방,KOSPI
041930,SY동아,KOSDAQ
475430,키스트론,KOSDAQ
460940,피앤에스로보틱스,KOSDAQ
100130,동국S&C,KOSDAQ
424960,스마트레이더시스템,KOSDAQ
014160,대영포장,KOSPI
042500,링네트,KOSDAQ
058850,KTcs,KOSPI
100700,세운메디칼,KOSDAQ
205470,휴마시스,KOSDAQ
147760,피엠티,KOSDAQ
063170,서울옥션,KOSDAQ
053260,금강철강,KOSDAQ
099750,이지케어텍,KOSDAQ
086710,선진뷰티사이언스,KOSDAQ
036420,콘텐트리중앙,KOSPI
273640,와이엠텍,KOSDAQ
37550L,DL이앤씨2우(전환),KOSPI
432470,케이엔에스,KOSDAQ
265740,엔에프씨,KOSDAQ
228670,레이,KOSDAQ
294630,서남,KOSDAQ
382480,지아이텍,KOSDAQ
348350,위드텍,KOSDAQ
389140,포바이포,KOSDAQ
007820,엠엑스로보틱스,KOSDAQ
094840,슈프리마에이치큐,KOSDAQ
066700,테라젠이텍스,KOSDAQ
039340,한국경제TV,KOSDAQ
317830,에스피시스템스,KOSDAQ
264900,크라운제과,KOSPI
094940,푸른기술,KOSDAQ
056360,코위버,KOSDAQ
370090,퓨런티어,KOSDAQ
023450,동남합성,KOSPI
019550,SBI인베스트먼트,KOSDAQ
419050,삼기에너지솔루션즈,KOSDAQ
006840,AK홀딩스,KOSPI
091120,이엠텍,KOSDAQ
063080,컴투스홀딩스,KOSDAQ
036630,세종텔레콤,KOSDAQ
053580,웹케시,KOSDAQ
489460,바이오비쥬,KOSDAQ
004590,한국가구,KOSDAQ
096240,크레버스,KOSDAQ
101670,하이드로리튬,KOSDAQ
032560,황금에스티,KOSPI
225530,HC보광산업,KOSDAQ
173130,오파스넷,KOSDAQ
078935,GS우,KOSPI
019680,대교,KOSPI
054620,APS,KOSDAQ
005740,크라운해태홀딩스,KOSPI
119650,KC코트렐,KOSPI
002200,한국수출포장,KOSPI
048770,TPC로보틱스,KOSDAQ
010660,화천기계,KOSPI
352090,스톰테크,KOSDAQ
040910,아이씨디,KOSDAQ
246720,아스타,KOSDAQ
298540,더네이쳐홀딩스,KOSDAQ
277880,티에스아이,KOSDAQ
033290,로젠,KOSDAQ
330350,위더스제약,KOSDAQ
163560,동일고무벨트,KOSPI
251120,바이오에프디엔씨,KOSDAQ
063160,종근당바이오,KOSPI
035610,솔본,KOSDAQ
377480,마음AI,KOSDAQ
337930,젝시믹스,KOSDAQ
036580,팜스코,KOSPI
007110,일신석재,KOSPI
303810,동국생명과학,KOSDAQ
007460,에이프로젠,KOSPI
006660,삼성공조,KOSPI
362320,청담글로벌,KOSDAQ
208370,셀바스헬스케어,KOSDAQ
009300,삼아제약,KOSDAQ
265560,영화테크,KOSDAQ
120240,대정화금,KOSDAQ
008260,NI스틸,KOSPI
066790,씨씨에스,KOSDAQ
299660,셀리드,KOSDAQ
008700,아남전자,KOSPI
095720,웅진씽크빅,KOSPI
003310,대주산업,KOSDAQ
084650,랩지노믹스,KOSDAQ
048550,SM C&C,KOSDAQ
081180,쎄크,KOSDAQ
302430,이노메트리,KOSDAQ
019540,일지테크,KOSDAQ
005870,휴니드,KOSPI
091440,한울소재과학,KOSDAQ
068240,다원시스,KOSDAQ
452200,민테크,KOSDAQ
006140,피제이전자,KOSDAQ
001275,부국증권우,KOSPI
131400,이브이첨단소재,KOSDAQ
950190,고스트스튜디오,KOSDAQ
448710,코츠테크놀로지,KOSDAQ
058860,KTis,KOSPI
066590,스모트로닉,KOSDAQ
251630,브이원텍,KOSDAQ
900250,크리스탈신소재,KOSDAQ
003580,HLB글로벌,KOSPI
000230,일동홀딩스,KOSPI
002210,동성제약,KOSPI
347890,엠엑스온,KOSDAQ
011370,서한,KOSDAQ
048530,인트론바이오,KOSDAQ
093920,서원인텍,KOSDAQ
031820,아이티센씨티에스,KOSPI
041910,폴라리스AI파마,KOSDAQ
025550,한국선재,KOSDAQ
082850,우리바이오,KOSDAQ
058630,엠게임,KOSDAQ
463020,뉴엔AI,KOSDAQ
072020,중앙백신,KOSDAQ
017370,우신시스템,KOSPI
302550,리메드,KOSDAQ
185490,아이진,KOSDAQ
010280,아이티센엔텍,KOSDAQ
043610,KT지니뮤직,KOSDAQ
038460,바이오스마트,KOSDAQ
004840,DRB동일,KOSPI
0015N0,아로마티카,KOSDAQ
002700,신일전자,KOSPI
014440,영보화학,KOSPI
175140,휴먼테크놀로지,KOSDAQ
067170,오텍,KOSDAQ
215790,이노인스트루먼트,KOSDAQ
024740,한일단조,KOSDAQ
263600,덕우전자,KOSDAQ
060590,씨티씨바이오,KOSDAQ
030960,양지사,KOSDAQ
026150,특수건설,KOSDAQ
040420,정상제이엘에스,KOSDAQ
217190,제너셈,KOSDAQ
023000,삼원강재,KOSPI
459100,위츠,KOSDAQ
067290,JW신약,KOSDAQ
413390,엠오티,KOSDAQ
006890,태경케미컬,KOSPI
388870,파로스아이바이오,KOSDAQ
457370,한켐,KOSDAQ
004890,동일산업,KOSPI
007980,TP,KOSPI
088280,쏘닉스,KOSDAQ
418470,KT밀리의서재,KOSDAQ
096350,대창솔루션,KOSDAQ
201490,미투온,KOSDAQ
014970,삼륭물산,KOSDAQ
203690,아크솔루션스,KOSDAQ
065440,이루온,KOSDAQ
054670,대한뉴팜,KOSDAQ
170030,현대공업,KOSDAQ
140070,서플러스글로벌,KOSDAQ
004650,창해에탄올,KOSDAQ
290660,다이나믹솔루션,KOSDAQ
000590,CS홀딩스,KOSPI
315640,딥노이드,KOSDAQ
096775,SK이노베이션우,KOSPI
35320K,대덕전자1우,KOSPI
191420,테고사이언스,KOSDAQ
024830,세원물산,KOSDAQ
061040,알에프텍,KOSDAQ
081150,티플랙스,KOSDAQ
000105,유한양행우,KOSPI
439580,블루엠텍,KOSDAQ
391710,코닉오토메이션,KOSDAQ
382150,온코크로스,KOSDAQ
227950,엔투텍,KOSDAQ
054040,한국컴퓨터,KOSDAQ
085310,엔케이,KOSPI
261780,차백신연구소,KOSDAQ
168330,내츄럴엔도텍,KOSDAQ
084730,팅크웨어,KOSDAQ
065530,와이어블,KOSDAQ
105740,디케이락,KOSDAQ
234300,에스트래픽,KOSDAQ
055490,테이팩스,KOSPI
123010,알엔티엑스,KOSDAQ
001260,남광토건,KOSPI
124560,태웅로직스,KOSDAQ
463480,모티브링크,KOSDAQ
171120,라이온켐텍,KOSDAQ
049480,오픈베이스,KOSDAQ
000180,성창기업지주,KOSPI
011150,CJ씨푸드,KOSPI
009180,한솔로지스틱스,KOSPI
002600,조흥,KOSPI
109080,옵티시스,KOSDAQ
012700,리드코프,KOSDAQ
002720,국제약품,KOSPI
033230,인성정보,KOSDAQ
130580,나이스디앤비,KOSDAQ
338100,NH프라임리츠,KOSPI
040350,크레오에스지,KOSDAQ
067570,엔브이에이치코리아,KOSDAQ
950220,네오이뮨텍,KOSDAQ
049180,셀루메드,KOSDAQ
217500,러셀,KOSDAQ
013870,지엠비코리아,KOSPI
241690,유니테크노,KOSDAQ
183490,엔지켐생명과학,KOSDAQ
095910,에스에너지,KOSDAQ
092300,현우산업,KOSDAQ
238090,앤디포스,KOSDAQ
079980,휴비스,KOSPI
044340,위닉스,KOSDAQ
013360,일성건설,KOSPI
005750,대림바스,KOSPI
299170,더블유에스아이,KOSDAQ
111380,동인기연,KOSPI
011320,유니크,KOSDAQ
039610,화성밸브,KOSDAQ
189330,씨이랩,KOSDAQ
065510,휴비츠,KOSDAQ
348150,고바이오랩,KOSDAQ
102370,케이옥션,KOSDAQ
010960,삼호개발,KOSPI
036640,HRS,KOSDAQ
058400,KNN,KOSDAQ
083790,CG인바이츠,KOSDAQ
007590,동방아그로,KOSPI
038680,에스넷,KOSDAQ
155650,와이엠씨,KOSDAQ
017650,대림제지,KOSDAQ
307870,비투엔,KOSDAQ
175250,아이큐어,KOSDAQ
347860,알체라,KOSDAQ
320000,한울반도체,KOSDAQ
192250,케이사인,KOSDAQ
020710,시공테크,KOSDAQ
184230,SGA솔루션즈,KOSDAQ
412540,제일엠앤에스,KOSDAQ
037760,쎄니트,KOSDAQ
478560,블랙야크아이앤씨,KOSDAQ
060310,3S,KOSDAQ
137950,제이씨케미칼,KOSDAQ
037440,희림,KOSDAQ
451250,삐아,KOSDAQ
048430,유라테크,KOSDAQ
013700,까뮤이앤씨,KOSPI
039010,현대에이치티,KOSDAQ
014470,부방,KOSDAQ
109070,주성코퍼레이션,KOSPI
424980,마이크로투나노,KOSDAQ
347000,센코,KOSDAQ
018500,동원금속,KOSPI
001470,삼부토건,KOSPI
004720,팜젠사이언스,KOSPI
222160,NPX,KOSDAQ
110790,크리스에프앤씨,KOSDAQ
019990,에너토크,KOSDAQ
071670,에이테크솔루션,KOSDAQ
095270,웨이브일렉트로,KOSDAQ
002800,신신제약,KOSDAQ
067370,선바이오,KOSDAQ
443250,레뷰코퍼레이션,KOSDAQ
045660,에이텍,KOSDAQ
017480,삼현철강,KOSDAQ
071090,하이스틸,KOSPI
453860,에이에스텍,KOSDAQ
001560,제일연마,KOSPI
104040,디에스엠,KOSDAQ
340360,다보링크,KOSDAQ
215360,우리산업,KOSDAQ
208140,정다운,KOSDAQ
128660,피제이메탈,KOSDAQ
216050,인크로스,KOSDAQ
069730,DSR제강,KOSPI
007280,한국특강,KOSPI
187420,HLB제넥스,KOSDAQ
145170,노브랜드,KOSDAQ
000850,화천기공,KOSPI
263800,데이타솔루션,KOSDAQ
126880,제이엔케이글로벌,KOSDAQ
033320,제이씨현시스템,KOSDAQ
311690,CJ 바이오사이언스,KOSDAQ
006090,사조오양,KOSPI
032850,비트컴퓨터,KOSDAQ
046210,HLB파나진,KOSDAQ
461030,아이엠비디엑스,KOSDAQ
080010,이상네트웍스,KOSDAQ
053280,예스24,KOSDAQ
241790,티이엠씨씨엔에스,KOSDAQ
094860,네오리진,KOSDAQ
003010,혜인,KOSPI
043710,코스리거글로벌,KOSDAQ
048910,대원미디어,KOSDAQ
120115,코오롱인더우,KOSPI
004440,삼일씨엔에스,KOSPI
061250,화일약품,KOSDAQ
250030,진코스텍,KONEX
010770,평화홀딩스,KOSPI
134580,탑코미디어,KOSDAQ
900260,로스웰,KOSDAQ
009190,대양금속,KOSPI
333620,엔시스,KOSDAQ
100220,비상교육,KOSPI
123420,위메이드플레이,KOSDAQ
111710,남화산업,KOSDAQ
064800,포니링크,KOSDAQ
053450,세코닉스,KOSDAQ
163280,에어레인,KOSDAQ
016090,대현,KOSPI
204840,지엘팜텍,KOSDAQ
003925,남양유업우,KOSPI
097800,윈팩,KOSDAQ
012690,모나리자,KOSPI
046940,우원개발,KOSDAQ
291650,압타머사이언스,KOSDAQ
153710,옵티팜,KOSDAQ
014950,삼익제약,KOSDAQ
278650,HLB바이오스텝,KOSDAQ
032540,TJ미디어,KOSDAQ
006880,신송홀딩스,KOSPI
014910,성문전자,KOSPI
010040,한국내화,KOSPI
041460,한국전자인증,KOSDAQ
027830,대성창투,KOSDAQ
360350,코셈,KOSDAQ
033170,시그네틱스,KOSDAQ
024910,경창산업,KOSDAQ
036000,예림당,KOSDAQ
009200,무림페이퍼,KOSPI
065130,탑엔지니어링,KOSDAQ
234920,자이글,KOSDAQ
068290,삼성출판사,KOSPI
021050,서원,KOSPI
444530,심플랫폼,KOSDAQ
089850,유비벨록스,KOSDAQ
033130,디지틀조선,KOSDAQ
104620,노랑풍선,KOSDAQ
417790,트루엔,KOSDAQ
452400,이닉스,KOSDAQ
039020,이건홀딩스,KOSDAQ
009770,삼정펄프,KOSPI
089790,제이티,KOSDAQ
222110,팬젠,KOSDAQ
043650,국순당,KOSDAQ
214260,라파스,KOSDAQ
099220,SDN,KOSDAQ
290670,대보마그네틱,KOSDAQ
094850,참좋은여행,KOSDAQ
352910,오비고,KOSDAQ
002795,아모레퍼시픽홀딩스우,KOSPI
003780,진양산업,KOSPI
016250,SGC E&C,KOSDAQ
042110,에스씨디,KOSDAQ
067920,이글루,KOSDAQ
000725,현대건설우,KOSPI
073640,테라사이언스,KOSDAQ
332370,아이디피,KOSDAQ
232830,아이티센피엔에스,KOSDAQ
155660,DSR,KOSPI
060560,HC홈센타,KOSDAQ
288620,에스프리즘,KOSDAQ
180060,탑선,KONEX
196490,디에이테크놀로지,KOSDAQ
036090,위지트,KOSDAQ
317690,퀀타매트릭스,KOSDAQ
064240,홈캐스트,KOSDAQ
460470,아이빔테크놀로지,KOSDAQ
348080,큐라티스,KOSDAQ
027050,코리아나,KOSDAQ
305090,마이크로디지탈,KOSDAQ
222420,쎄노텍,KOSDAQ
189860,서전기전,KOSDAQ
109860,동일금속,KOSDAQ
038060,루멘스,KOSDAQ
136410,아셈스,KOSDAQ
378850,화승알앤에이,KOSPI
214330,금호에이치티,KOSPI
162300,신스틸,KOSDAQ
446840,지슨,KOSDAQ
234100,폴라리스세원,KOSDAQ
111110,호전실업,KOSPI
039240,경남스틸,KOSDAQ
479960,위너스일렉,KOSDAQ
296160,프로젠,KONEX
033310,엠투엔,KOSDAQ
004540,깨끗한나라,KOSPI
060570,드림어스컴퍼니,KOSDAQ
010470,오리콤,KOSDAQ
198080,캐프,KOSDAQ
207760,미스터블루,KOSDAQ
321820,아티스트컴퍼니,KOSDAQ
012790,신일제약,KOSDAQ
196450,코아시아씨엠,KOSDAQ
049550,잉크테크,KOSDAQ
000220,유유제약,KOSPI
011230,삼화전자,KOSPI
143540,영우디에스피,KOSDAQ
099410,동방선기,KOSDAQ
408900,스튜디오미르,KOSDAQ
317850,대모,KOSDAQ
039420,케이엘넷,KOSDAQ
054930,유신,KOSDAQ
092780,DYP,KOSPI
480370,씨케이솔루션,KOSPI
053050,지에스이,KOSDAQ
001465,BYC우,KOSPI
007370,진양제약,KOSDAQ
347740,피엔케이피부임상연구센타,KOSDAQ
159580,제로투세븐,KOSDAQ
010240,흥국,KOSDAQ
122310,제노레이,KOSDAQ
199550,레이저옵텍,KOSDAQ
177900,쓰리에이로직스,KOSDAQ
456570,아이엠지티,KONEX
023810,인팩,KOSPI
260930,씨티케이,KOSDAQ
001550,조비,KOSPI
373200,엑스플러스,KOSDAQ
024900,디와이덕양,KOSPI
005670,푸드웰,KOSDAQ
072470,우리산업홀딩스,KOSDAQ
256630,포인트엔지니어링,KOSDAQ
040610,SG&G,KOSDAQ
129260,인터지스,KOSPI
214270,FSN,KOSDAQ
317530,에피소드컴퍼니,KOSDAQ
384470,코어라인소프트,KOSDAQ
0013V0,삼진식품,KOSDAQ
007815,코리아써우,KOSPI
126640,화신정공,KOSDAQ
004830,덕성,KOSPI
004060,SG세계물산,KOSPI
053620,태양,KOSDAQ
104540,코렌텍,KOSDAQ
054300,팬스타엔터프라이즈,KOSDAQ
127980,화인써키트,KOSDAQ
036670,삼양케이씨아이,KOSDAQ
101140,인바이오젠,KOSPI
009835,한화솔루션우,KOSPI
331380,포커스에이아이,KOSDAQ
082210,옵트론텍,KOSDAQ
008370,원풍,KOSDAQ
100030,인지소프트,KOSDAQ
372910,한컴라이프케어,KOSPI
065170,비엘팜텍,KOSDAQ
170790,파이오링크,KOSDAQ
001840,이화공영,KOSDAQ
229000,젠큐릭스,KOSDAQ
460870,에스엠씨지,KOSDAQ
373160,데이원컴퍼니,KOSDAQ
294090,이오플로우,KOSDAQ
036120,서울평가정보,KOSDAQ
198440,강동씨앤엘,KOSDAQ
465480,인스피언,KOSDAQ
294140,레몬,KOSDAQ
261520,이지스,KOSDAQ
092440,기신정기,KOSPI
053270,구영테크,KOSDAQ
072130,유엔젤,KOSPI
950200,소마젠,KOSDAQ
263690,디알젬,KOSDAQ
246690,TS인베스트먼트,KOSDAQ
002760,보락,KOSPI
004780,대륙제관,KOSDAQ
006980,우성,KOSPI
047400,유니온머티리얼,KOSPI
015710,코콤,KOSDAQ
378800,샤페론,KOSDAQ
042940,상지건설,KOSDAQ
045340,토탈소프트,KOSDAQ
053350,이니텍,KOSDAQ
065500,오리엔트정공,KOSDAQ
435570,에르코스,KOSDAQ
088910,동우팜투테이블,KOSDAQ
011390,부산산업,KOSPI
000910,유니온,KOSPI
001620,케이비아이동국실업,KOSPI
114450,그린생명과학,KOSDAQ
246960,SCL사이언스,KOSDAQ
052220,iMBC,KOSDAQ
219550,디와이디,KOSDAQ
072990,에이치시티,KOSDAQ
037230,한국팩키지,KOSDAQ
419080,엔젯,KOSDAQ
038010,제일테크노스,KOSDAQ
050960,수산아이앤티,KOSDAQ
273060,와이즈버즈,KOSDAQ
219420,링크제니시스,KOSDAQ
005305,롯데칠성우,KOSPI
226330,신테카바이오,KOSDAQ
303360,프로티아,KOSDAQ
396690,미래에셋글로벌리츠,KOSPI
038070,서린바이오,KOSDAQ
429270,시지트로닉스,KOSDAQ
004770,써니전자,KOSPI
058730,다스코,KOSPI
137080,나래나노텍,KOSDAQ
004450,삼화왕관,KOSPI
420570,제이투케이바이오,KOSDAQ
099520,DGI,KOSDAQ
458350,에스팀,KOSDAQ
063440,SM Life Design,KOSDAQ
351330,이삭엔지니어링,KOSDAQ
299900,위지윅스튜디오,KOSDAQ
094970,제이엠티,KOSDAQ
037330,인지디스플레,KOSDAQ
003465,유화증권우,KOSPI
123700,SJM,KOSPI
002140,고려산업,KOSPI
245620,EDGC,KOSDAQ
171010,램테크놀러지,KOSDAQ
393210,토마토시스템,KOSDAQ
002630,오리엔트바이오,KOSPI
376930,노을,KOSDAQ
006370,대구백화점,KOSPI
003475,유안타증권우,KOSPI
033560,블루콤,KOSDAQ
413640,비아이매트릭스,KOSDAQ
317870,엔바이오니아,KOSDAQ
035460,기산텔레콤,KOSDAQ
150900,파수AI,KOSDAQ
238120,얼라인드,KOSDAQ
37550K,DL이앤씨우,KOSPI
318160,셀바이오휴먼텍,KOSDAQ
068330,일신바이오,KOSDAQ
006490,인스코비,KOSPI
053980,오상자이엘,KOSDAQ
196300,HLB펩,KOSDAQ
075180,새론오토모티브,KOSPI
105760,포스뱅크,KOSDAQ
004920,씨아이테크,KOSPI
340930,유일에너테크,KOSDAQ
041650,상신브레이크,KOSPI
471820,셀로맥스사이언스,KOSDAQ
014190,원익큐브,KOSDAQ
440290,HB인베스트먼트,KOSDAQ
277070,린드먼아시아,KOSDAQ
023350,한국종합기술,KOSPI
189980,흥국에프엔비,KOSDAQ
025530,SJM홀딩스,KOSPI
090080,평화산업,KOSPI
073110,엘엠에스,KOSDAQ
217480,에스디생명공학,KOSDAQ
024950,삼천리자전거,KOSDAQ
007680,대원,KOSDAQ
250000,보라티알,KOSDAQ
357250,미래에셋맵스리츠,KOSPI
309930,조이웍스앤코,KOSDAQ
090410,덕신이피씨,KOSDAQ
017180,명문제약,KOSPI
104200,NHN벅스,KOSDAQ
261200,덴티스,KOSDAQ
002410,범양건영,KOSPI
105550,엣지파운드리,KOSDAQ
153460,네이블,KOSDAQ
078590,휴림에이텍,KOSDAQ
037950,엘컴텍,KOSDAQ
28513K,SK케미칼우,KOSPI
004910,조광페인트,KOSPI
070300,엑스큐어,KOSDAQ
179530,애드바이오텍,KOSDAQ
051390,YW,KOSDAQ
100660,서암기계공업,KOSDAQ
016600,큐캐피탈,KOSDAQ
419120,산돌,KOSDAQ
450330,하스,KOSDAQ
189690,포시에스,KOSDAQ
466410,사이냅소프트,KOSDAQ
052790,액토즈소프트,KOSDAQ
218150,미래생명자원,KOSDAQ
314140,알피바이오,KOSDAQ
096610,알에프세미,KOSDAQ
066670,디티씨,KOSDAQ
003060,에이프로젠바이오로직스,KOSPI
361570,알비더블유,KOSDAQ
173940,에프엔씨엔터,KOSDAQ
190650,코리아에셋투자증권,KOSDAQ
021880,메이슨캐피탈,KOSDAQ
369370,블리츠웨이엔터테인먼트,KOSDAQ
020760,일진디스플,KOSPI
097870,효성오앤비,KOSDAQ
060850,영림원소프트랩,KOSDAQ
307280,원바이오젠,KOSDAQ
364950,에이아이코리아,KOSDAQ
006125,SK디스커버리우,KOSPI
093240,형지엘리트,KOSPI
452160,제이엔비,KOSDAQ
393970,대진첨단소재,KOSDAQ
051490,나라엠앤디,KOSDAQ
452300,캡스톤파트너스,KOSDAQ
089150,케이씨티,KOSDAQ
0010V0,제이피아이헬스케어,KOSDAQ
106240,파인테크닉스,KOSDAQ
464500,아이언디바이스,KOSDAQ
451700,엔에이치스팩29호,KOSDAQ
031310,아이즈비전,KOSDAQ
053160,프리엠스,KOSDAQ
215380,우정바이오,KOSDAQ
237820,플레이디,KOSDAQ
066130,하츠,KOSDAQ
127710,아시아경제,KOSDAQ
260660,알리코제약,KOSDAQ
027740,마니커,KOSPI
430690,한싹,KOSDAQ
069410,엔텔스,KOSDAQ
365590,하이딥,KOSDAQ
122350,삼기,KOSDAQ
239890,피엔에이치테크,KOSDAQ
057540,옴니시스템,KOSDAQ
215090,솔디펜스,KOSDAQ
009320,아진전자부품,KOSPI
257990,나우코스,KONEX
459550,알트,KOSDAQ
007530,와이엠,KOSDAQ
003080,SB성보,KOSPI
206560,덱스터,KOSDAQ
008420,문배철강,KOSPI
033830,티비씨,KOSDAQ
263020,디케이앤디,KOSDAQ
049470,비트플래닛,KOSDAQ
082660,코스나인,KOSDAQ
011330,유니켐,KOSPI
352700,씨앤투스,KOSDAQ
086040,바이오톡스텍,KOSDAQ
418250,시큐레터,KOSDAQ
050110,캠시스,KOSDAQ
122690,서진오토모티브,KOSDAQ
376290,씨유테크,KOSDAQ
033540,파라텍,KOSDAQ
004410,서울식품,KOSPI
406820,뷰티스킨,KOSDAQ
002920,유성기업,KOSPI
223310,사토시홀딩스,KOSDAQ
088340,유라클,KOSDAQ
023440,제이스코홀딩스,KOSDAQ
000950,전방,KOSPI
208710,포톤,KOSDAQ
289220,자이언트스텝,KOSDAQ
200580,메디쎄이,KONEX
044960,이글벳,KOSDAQ
012280,영화금속,KOSPI
056700,신화인터텍,KOSDAQ
297570,알로이스,KOSDAQ
069460,대호에이엘,KOSPI
434480,모니터랩,KOSDAQ
011420,갤럭시아에스엠,KOSPI
065650,하이퍼코퍼레이션,KOSDAQ
081580,성우전자,KOSDAQ
119500,포메탈,KOSDAQ
221840,하이즈항공,KOSDAQ
263770,유에스티,KOSDAQ
0010F0,보원케미칼,KOSDAQ
096630,에스코넥,KOSDAQ
133820,화인베스틸,KOSPI
310870,디와이씨,KOSDAQ
311390,네오크레마,KOSDAQ
002290,삼일기업공사,KOSDAQ
026940,부국철강,KOSPI
032790,엠젠솔루션,KOSDAQ
064480,브리지텍,KOSDAQ
066910,손오공,KOSDAQ
178780,일월지엠엘,KOSDAQ
335810,프리시젼바이오,KOSDAQ
476080,M83,KOSDAQ
263810,상신전자,KOSDAQ
407400,꿈비,KOSDAQ
464280,티디에스팜,KOSDAQ
186230,그린플러스,KOSDAQ
129890,앱코,KOSDAQ
005030,부산주공,KOSPI
263700,케어랩스,KOSDAQ
204020,그리티,KOSDAQ
286750,나노실리칸첨단소재,KOSDAQ
290090,트윔,KOSDAQ
087600,픽셀플러스,KOSDAQ
074610,이엔플러스,KOSPI
020180,대신정보통신,KOSDAQ
008870,금비,KOSPI
258610,케일럼,KOSDAQ
128540,에코캡,KOSDAQ
288330,파라택시스코리아,KOSDAQ
131760,파인텍,KOSDAQ
000215,DL우,KOSPI
206400,베노티앤알,KOSDAQ
025880,케이씨피드,KOSDAQ
200350,아티스트스튜디오,KOSDAQ
044480,빌리언스,KOSDAQ
332290,누보,KOSDAQ
256150,한독크린텍,KOSDAQ
052460,아이크래프트,KOSDAQ
091590,남화토건,KOSDAQ
199480,뱅크웨어글로벌,KOSDAQ
103840,우양,KOSDAQ
083550,케이엠,KOSDAQ
290120,DH오토리드,KOSDAQ
072770,멤레이비티,KOSDAQ
023960,에쓰씨엔지니어링,KOSPI
004870,티웨이홀딩스,KOSPI
014990,인디에프,KOSPI
046310,백금T&A,KOSDAQ
006345,대원전선우,KOSPI
340440,세림B&G,KOSDAQ
049830,승일,KOSDAQ
481850,신한글로벌액티브리츠,KOSPI
475460,미트박스,KOSDAQ
200780,비씨월드제약,KOSDAQ
043340,에쎈테크,KOSDAQ
356890,싸이버원,KOSDAQ
140520,대창스틸,KOSDAQ
469750,아이비젼웍스,KOSDAQ
355390,크라우드웍스,KOSDAQ
049800,우진플라임,KOSPI
258790,소프트캠프,KOSDAQ
019770,서연탑메탈,KOSDAQ
351320,넥사다이내믹스,KOSDAQ
432430,와이랩,KOSDAQ
101240,씨큐브,KOSDAQ
355690,에이텀,KOSDAQ
000890,보해양조,KOSPI
219750,한국비티비,KOSDAQ
026040,제이에스티나,KOSDAQ
123570,이엠넷,KOSDAQ
050860,아세아텍,KOSDAQ
220180,핸디소프트,KOSDAQ
066900,디에이피,KOSDAQ
001210,금호전기,KOSPI
001380,SG글로벌,KOSPI
079000,와토스코리아,KOSDAQ
009140,경인전자,KOSPI
059100,아이컴포넌트,KOSDAQ
006920,모헨즈,KOSDAQ
224110,에이텍모빌리티,KOSDAQ
376180,피코그램,KOSDAQ
148250,알엔투테크놀로지,KOSDAQ
032960,동일기연,KOSDAQ
153490,우리이앤엘하루틴,KOSDAQ
024120,KB오토시스,KOSDAQ
340810,시선AI,KOSDAQ
019490,엑시큐어하이트론,KOSPI
051630,진양화학,KOSPI
221980,케이디켐,KOSDAQ
440320,오픈놀,KOSDAQ
080520,오디텍,KOSDAQ
007120,미래아이앤지,KOSPI
000760,이화산업,KOSPI
084870,TBH글로벌,KOSPI
450520,인스웨이브,KOSDAQ
109820,진매트릭스,KOSDAQ
066360,체리부로,KOSDAQ
388610,지에프씨생명과학,KOSDAQ
073540,에프알텍,KOSDAQ
254120,자비스,KOSDAQ
363260,모비데이즈,KOSDAQ
017040,광명전기,KOSPI
160550,NEW,KOSDAQ
140430,카티스,KOSDAQ
013000,세우글로벌,KOSPI
014570,고려제약,KOSDAQ
203450,유니온바이오메트릭스,KOSDAQ
011300,우성머티리얼스,KOSPI
195500,마니커에프앤지,KOSDAQ
347770,핌스,KOSDAQ
403490,우듬지팜,KOSDAQ
025440,DH오토웨어,KOSDAQ
308170,씨티알모빌리티,KOSPI
228340,동양파일,KOSDAQ
058110,멕아이씨에스,KOSDAQ
336060,웨이버스,KOSDAQ
064090,인크레더블버즈,KOSDAQ
043910,자연과환경,KOSDAQ
064520,테크엘,KOSDAQ
022220,티케이지애강,KOSDAQ
052600,한네트,KOSDAQ
054780,키이스트,KOSDAQ
037370,EG,KOSDAQ
089140,넥스턴앤롤코리아,KOSDAQ
239610,에이치엘사이언스,KOSDAQ
002870,신풍,KOSPI
145270,케이탑리츠,KOSPI
383930,디티앤씨알오,KOSDAQ
133750,메가엠디,KOSDAQ
045060,오공,KOSDAQ
318410,비비씨,KOSDAQ
290520,신도기연,KOSDAQ
387570,파인메딕스,KOSDAQ
317120,라닉스,KOSDAQ
057030,YBM넷,KOSDAQ
002880,디와이에이,KOSPI
318020,포인트모바일,KOSDAQ
003535,한화투자증권우,KOSPI
008250,이건산업,KOSPI
288980,모아데이타,KOSDAQ
005320,온타이드,KOSPI
208860,다산디엠씨,KOSDAQ
198940,한주라이트메탈,KOSDAQ
039740,한국정보공학,KOSDAQ
134790,시디즈,KOSPI
016670,디모아,KOSDAQ
002420,세기상사,KOSPI
271830,팸텍,KOSDAQ
038870,에코심플렉스,KOSDAQ
025750,한솔홈데코,KOSPI
080530,코디,KOSDAQ
043200,파루,KOSDAQ
050120,ES큐브,KOSDAQ
032860,더라미,KOSDAQ
060540,에스에이티,KOSDAQ
019570,플루토스,KOSDAQ
241840,에이스토리,KOSDAQ
900340,윙입푸드,KOSDAQ
277410,인산가,KOSDAQ
33637K,솔루스첨단소재1우,KOSPI
075970,동국알앤에스,KOSDAQ
071850,캐스텍코리아,KOSDAQ
306040,에스제이그룹,KOSDAQ
270870,뉴트리,KOSDAQ
359090,씨엔알리서치,KOSDAQ
045300,성우테크론,KOSDAQ
053950,경남제약,KOSDAQ
033200,모아텍,KOSDAQ
373170,엠아이큐브솔루션,KOSDAQ
065950,웰크론,KOSDAQ
187270,신화콘텍,KOSDAQ
088790,진도,KOSPI
363250,진시스템,KOSDAQ
002025,코오롱우,KOSPI
262840,아이퀘스트,KOSDAQ
351870,차이커뮤니케이션,KOSDAQ
068050,팬엔터테인먼트,KOSDAQ
462510,라메디텍,KOSDAQ
047080,한빛소프트,KOSDAQ
075130,플랜티넷,KOSDAQ
290270,휴네시온,KOSDAQ
159910,에코글로우,KOSDAQ
284620,카이노스메드,KOSDAQ
046390,삼화네트웍스,KOSDAQ
039290,인포뱅크,KOSDAQ
33626L,두산퓨얼셀2우B,KOSPI
068940,셀피글로벌,KOSDAQ
010640,진양폴리,KOSPI
007720,소노스퀘어,KOSDAQ
475660,에스켐,KOSDAQ
296640,이노에이엑스,KOSDAQ
417860,오브젠,KOSDAQ
300120,라온피플,KOSDAQ
900300,오가닉티코스메틱,KOSDAQ
122830,원포유,KONEX
200230,텔콘RF제약,KOSDAQ
263050,유틸렉스,KOSDAQ
195990,에이비프로바이오,KOSDAQ
121890,에스디시스템,KOSDAQ
112190,KC산업,KONEX
317240,TS트릴리온,KOSDAQ
019175,신풍제약우,KOSPI
169330,엠브레인,KOSDAQ
131100,티엔엔터테인먼트,KOSDAQ
114630,폴라리스우노,KOSDAQ
005820,원림,KOSPI
086060,진바이오텍,KOSDAQ
238490,힘스,KOSDAQ
057680,티사이언티픽,KOSDAQ
004365,세방우,KOSPI
225220,제놀루션,KOSDAQ
063760,이엘피,KOSDAQ
318000,KBG,KOSDAQ
001000,신라섬유,KOSDAQ
038950,파인디지털,KOSDAQ
177830,파버나인,KOSDAQ
115160,휴맥스,KOSDAQ
006050,국영지앤엠,KOSDAQ
012620,원일특강,KOSDAQ
038880,아이에이,KOSDAQ
130500,GH신소재,KOSDAQ
021650,한국큐빅,KOSDAQ
455180,케이지에이,KOSDAQ
109960,앱토크롬,KOSDAQ
097780,에코볼트,KOSDAQ
342870,오아,KOSDAQ
027580,상보,KOSDAQ
006740,블루산업개발,KOSPI
027040,서울전자통신,KOSDAQ
239340,이스트에이드,KOSDAQ
099390,브레인즈컴퍼니,KOSDAQ
464580,닷밀,KOSDAQ
257370,피엔티엠에스,KOSDAQ
162120,루켄테크놀러지스,KONEX
900310,컬러레이,KOSDAQ
333050,이노테나,KOSDAQ
263920,휴엠앤씨,KOSDAQ
013810,스페코,KOSDAQ
073570,리튬포어스,KOSDAQ
035200,프럼파스트,KOSDAQ
398120,에스지헬스케어,KOSDAQ
424760,벨로크,KOSDAQ
187220,디티앤씨,KOSDAQ
353590,오토앤,KOSDAQ
495810,유비씨,KONEX
045510,정원엔시스,KOSDAQ
900070,글로벌에스엠,KOSDAQ
090370,메타랩스,KOSPI
000040,KR모터스,KOSPI
131220,대한과학,KOSDAQ
227420,도부,KONEX
001070,대한방직,KOSPI
270520,앱튼,KOSDAQ
446440,에피바이오텍,KONEX
017000,신원종합개발,KOSDAQ
024070,WISCOM,KOSPI
012160,영흥,KOSPI
051380,피씨디렉트,KOSDAQ
009810,플레이그램,KOSPI
237750,피앤씨테크,KOSDAQ
252500,세화피앤씨,KOSDAQ
087260,모바일어플라이언스,KOSDAQ
065370,위세아이텍,KOSDAQ
354200,엔젠바이오,KOSDAQ
031510,오스템,KOSDAQ
013720,THE CUBE&,KOSDAQ
462980,아이지넷,KOSDAQ
405920,나라셀라,KOSDAQ
056730,CNT85,KOSDAQ
438700,버넥트,KOSDAQ
002690,동일제강,KOSPI
258830,세종메디칼,KOSDAQ
079170,한창산업,KOSDAQ
038620,위즈코프,KOSDAQ
367000,플래티어,KOSDAQ
033050,제이엠아이,KOSDAQ
048470,대동스틸,KOSDAQ
024890,대원화성,KOSPI
001810,무림SP,KOSDAQ
290560,파라택시스이더리움,KOSDAQ
054220,비츠로시스,KOSDAQ
003680,한성기업,KOSPI
091340,S&K폴리텍,KOSDAQ
010400,우진아이엔에스,KOSPI
018680,서울제약,KOSDAQ
246250,에스엘에스바이오,KOSDAQ
227610,아우딘퓨쳐스,KOSDAQ
243870,아이티센코어,KONEX
303530,이노뎁,KOSDAQ
002360,SH에너지화학,KOSPI
304840,피플바이오,KOSDAQ
068100,케이웨더,KOSDAQ
276730,한울앤제주,KOSDAQ
131090,시큐브,KOSDAQ
101000,KS인더스트리,KOSDAQ
431190,케이쓰리아이,KOSDAQ
069640,한세엠케이,KOSPI
008470,부스타,KOSDAQ
377330,이지트로닉스,KOSDAQ
006200,한국전자홀딩스,KOSPI
210120,캔버스엔,KOSDAQ
376980,원티드랩,KOSDAQ
014130,한익스프레스,KOSPI
354390,바스칸바이오제약,KONEX
032750,삼진,KOSDAQ
090150,아이윈,KOSDAQ
138070,신진에스엠,KOSDAQ
142760,모아라이프플러스,KOSDAQ
274400,이노시뮬레이션,KOSDAQ
148930,에이치와이티씨,KOSDAQ
016100,리더스코스메틱,KOSDAQ
006570,대림통상,KOSPI
023150,MH에탄올,KOSPI
446070,유니드비티플러스,KOSPI
377220,프롬바이오,KOSDAQ
298060,풍전약품,KOSDAQ
015260,에이엔피,KOSPI
233990,질경이,KONEX
146060,율촌,KOSDAQ
462310,뉴키즈온,KOSDAQ
118000,메타케어,KOSPI
002820,SUN&L,KOSPI
091970,나노캠텍,KOSDAQ
030720,동원수산,KOSPI
067730,로지시스,KOSDAQ
005360,모나미,KOSPI
053290,NE능률,KOSDAQ
318010,팜스빌,KOSDAQ
291230,엔피,KOSDAQ
093380,풍강,KOSDAQ
115480,씨유메디칼,KOSDAQ
301300,바이브컴퍼니,KOSDAQ
224060,더코디,KOSDAQ
023790,동일스틸럭스,KOSDAQ
032080,아즈텍WB,KOSDAQ
024940,PN풍년,KOSDAQ
043360,디지아이,KOSDAQ
038530,케이바이오랩스,KOSDAQ
058450,한주에이알티,KOSDAQ
397810,애드포러스,KOSDAQ
337840,유엑스엔,KONEX
123840,뉴온,KOSDAQ
054090,삼진엘앤디,KOSDAQ
043220,티에스넥스젠,KOSDAQ
464680,KB제27호스팩,KOSDAQ
434190,탈로스,KONEX
373110,엑셀세라퓨틱스,KOSDAQ
226340,본느,KOSDAQ
080470,성창오토텍,KOSDAQ
131180,딜리,KOSDAQ
052300,오션인더블유,KOSDAQ
019660,글로본,KOSDAQ
008775,호텔신라우,KOSPI
418620,E8,KOSDAQ
335870,윙스풋,KOSDAQ
060380,동양에스텍,KOSDAQ
311060,엘에이티,KONEX
002355,넥센타이어1우B,KOSPI
357430,마스턴프리미어리츠,KOSPI
005110,한창,KOSPI
069140,누리플랜,KOSDAQ
900110,딥커머스,KOSDAQ
267790,배럴,KOSDAQ
331520,밸로프,KOSDAQ
143210,핸즈코퍼레이션,KOSPI
102950,아하,KONEX
044780,에이치케이,KOSDAQ
033250,체시스,KOSPI
053060,세동,KOSDAQ
003495,대한항공우,KOSPI
059180,엔더블유시,KONEX
403810,아이엘로보틱스,KONEX
036480,대성미생물,KOSDAQ
007770,한일화학,KOSDAQ
096690,에이루트,KOSDAQ
078860,아이오케이이엔엠,KOSDAQ
004270,남성,KOSPI
054940,엑사이엔씨,KOSDAQ
009460,한창제지,KOSPI
208350,지란지교시큐리티,KOSDAQ
362990,드림인사이트,KOSDAQ
403360,라피치,KONEX
032680,소프트센,KOSDAQ
139670,키네마스터,KOSDAQ
179720,머니무브,KONEX
115610,이미지스,KOSDAQ
188040,바이오포트,KOSDAQ
377030,비트맥스,KOSDAQ
103230,에스앤더블류,KOSDAQ
088290,이원컴포텍,KOSDAQ
016920,카스,KOSDAQ
236810,엔비티,KOSDAQ
079650,서산,KOSDAQ
034940,조아제약,KOSDAQ
101680,한국정밀기계,KOSDAQ
197140,디지캡,KOSDAQ
037400,우리엔터프라이즈,KOSDAQ
372800,아이티아이즈,KOSDAQ
415380,스튜디오삼익,KOSDAQ
109670,씨싸이트,KOSDAQ
285800,진영,KOSDAQ
021040,대호특수강,KOSDAQ
039310,세중,KOSDAQ
222980,한국맥널티,KOSDAQ
020400,대동금속,KOSDAQ
322970,무진메디,KONEX
457600,벡트,KOSDAQ
352940,인바이오,KOSDAQ
115530,씨엔플러스,KOSDAQ
465770,STX그린로지스,KOSPI
070590,인티큐브,KOSDAQ
123750,알톤,KOSDAQ
432980,엠에프씨,KOSDAQ
270210,에스알바이오텍,KONEX
067010,이씨에스,KOSDAQ
206950,볼빅,KONEX
207490,에이펙스인텍,KONEX
042040,케이피엠테크,KOSDAQ
049120,파인디앤씨,KOSDAQ
085810,알티캐스트,KOSDAQ
044380,주연테크,KOSPI
023770,플레이위드,KOSDAQ
076340,지에이이노더스,KONEX
009310,참엔지니어링,KOSPI
065770,CS,KOSDAQ
065150,대산F&B,KOSDAQ
115570,스타플렉스,KOSDAQ
216400,인바이츠바이오코아,KONEX
060230,제이케이시냅스,KOSDAQ
900270,헝셩그룹,KOSDAQ
238200,비피도,KOSDAQ
017250,인터엠,KOSDAQ
196700,웹스,KOSDAQ
130740,티피씨글로벌,KOSDAQ
071950,코아스,KOSPI
193250,링크드,KOSDAQ
083640,인콘,KOSDAQ
101400,엔시트론,KOSDAQ
225590,패션플랫폼,KOSDAQ
303030,지니틱스,KOSDAQ
137940,넥스트아이,KOSDAQ
208640,썸에이지,KOSDAQ
084440,유비온,KOSDAQ
001420,태원물산,KOSPI
018700,졸스,KOSDAQ
148780,비큐AI,KOSDAQ
336040,타스컴,KONEX
368600,아이씨에이치,KOSDAQ
191600,블루탑,KONEX
312610,에이에프더블류,KOSDAQ
00499K,롯데지주우,KOSPI
278990,EMB,KONEX
154030,아시아종묘,KOSDAQ
025890,한국주강,KOSPI
001685,대상우,KOSPI
275630,에스에스알,KOSDAQ
331660,한국미라클피플사,KONEX
247660,나노씨엠에스,KOSDAQ
113810,디젠스,KOSDAQ
328380,솔트웨어,KOSDAQ
215480,토박스코리아,KOSDAQ
032280,삼일,KOSDAQ
405000,플라즈맵,KOSDAQ
080720,한국유니온제약,KOSDAQ
050760,에스폴리텍,KOSDAQ
353190,휴럼,KOSDAQ
289010,아이스크림에듀,KOSDAQ
076080,웰크론한텍,KOSDAQ
279600,미디어젠,KOSDAQ
365900,브이씨,KOSDAQ
317860,노드메이슨,KONEX
900100,파이온엑스,KOSDAQ
348030,모비릭스,KOSDAQ
083470,이엠앤아이,KOSDAQ
092600,앤씨앤,KOSDAQ
389680,유디엠텍,KOSDAQ
002070,비비안,KOSPI
060900,에이전트AI,KOSDAQ
005257,녹십자홀딩스2우,KOSPI
417180,핑거스토리,KOSDAQ
065690,파커스,KOSDAQ
322780,코퍼스코리아,KOSDAQ
191410,육일씨엔에쓰,KOSDAQ
169670,코스텍시스템,KONEX
098660,에스티오,KOSDAQ
054410,케이피티유,KOSDAQ
035620,바른손이앤에이,KOSDAQ
45226K,한화갤러리아우,KOSPI
012170,아센디오,KOSPI
240600,유진테크놀로지,KOSDAQ
015020,이스타코,KOSPI
308100,형지글로벌,KOSDAQ
192390,윈하이텍,KOSDAQ
028080,휴맥스홀딩스,KOSDAQ
217320,썬테크,KONEX
214610,롤링스톤,KOSDAQ
048830,엔피케이,KOSDAQ
018620,우진비앤지,KOSDAQ
009730,이렘,KOSDAQ
476710,타조이엔터테인먼트,KONEX
014100,메디앙스,KOSDAQ
001770,SHD,KOSPI
031860,디에이치엑스컴퍼니,KOSDAQ
222670,플럼라인생명과학,KONEX
134060,이퓨쳐,KOSDAQ
032800,판타지오,KOSDAQ
096870,엘디티,KOSDAQ
060480,국일신동,KOSDAQ
079190,케스피온,KOSDAQ
032980,바이온,KOSDAQ
011090,에넥스,KOSPI
045520,크린앤사이언스,KOSDAQ
361670,삼영에스앤씨,KOSDAQ
035290,골드앤에스,KOSDAQ
177350,베셀,KOSDAQ
083660,CSA 코스믹,KOSDAQ
067770,세진티에스,KOSDAQ
199730,바이오인프라,KOSDAQ
254160,제이엠멀티,KONEX
108675,LX하우시스우,KOSPI
026910,광진실업,KOSDAQ
002680,한탑,KOSDAQ
086220,광동헬스바이오,KONEX
154040,다산솔루에타,KOSDAQ
344860,이노진,KOSDAQ
110020,전진바이오팜,KOSDAQ
008600,윌비스,KOSPI
368970,오에스피,KOSDAQ
009440,KC그린홀딩스,KOSPI
052960,태양3C,KONEX
069330,유아이디,KOSDAQ
019685,대교우B,KOSPI
419540,비스토스,KOSDAQ
051780,큐로홀딩스,KOSDAQ
084180,수성웹툰,KOSDAQ
482680,미래에셋비전스팩7호,KOSDAQ
005725,넥센우,KOSPI
241820,피씨엘,KOSDAQ
477380,미래에셋비전스팩4호,KOSDAQ
00806K,대덕1우,KOSPI
18064K,한진칼우,KOSPI
060260,뉴보텍,KOSDAQ
204210,JK리버스톤리츠,KOSPI
106520,노블엠앤비,KOSDAQ
043590,웰킵스하이텍,KOSDAQ
291810,핀텔,KOSDAQ
0072Z0,KB제33호스팩,KOSDAQ
0101C0,하나36호스팩,KOSDAQ
000087,하이트진로2우B,KOSPI
0130H0,엔에이치스팩33호,KOSDAQ
012205,계양전기우,KOSPI
477340,에이치엠씨제7호스팩,KOSDAQ
469880,하나30호스팩,KOSDAQ
025870,신라에스지,KOSDAQ
176590,코나솔,KONEX
030350,드래곤플라이,KOSDAQ
0044K0,삼성스팩10호,KOSDAQ
00781K,코리아써키트2우B,KOSPI
0070X0,에스테크엠,KONEX
233250,메디안디노스틱,KONEX
079950,인베니아,KOSDAQ
001795,대한제당우,KOSPI
351020,미쥬,KONEX
250930,예선테크,KOSDAQ
227100,프로브잇,KOSDAQ
0115H0,삼성스팩13호,KOSDAQ
001515,SK증권우,KOSPI
208850,이비테크,KONEX
900120,씨엑스아이,KOSDAQ
473050,유안타제15호스팩,KOSDAQ
188260,세니젠,KOSDAQ
065420,에스아이리소스,KOSDAQ
478440,미래에셋비전스팩6호,KOSDAQ
225430,케이엠제약,KOSDAQ
012340,뉴인텍,KOSDAQ
379390,이성씨엔아이,KONEX
479880,한국제15호스팩,KOSDAQ
009620,삼보산업,KOSDAQ
149010,아이케이세미콘,KONEX
0099W0,미래에셋비전스팩11호,KOSDAQ
140910,에이리츠,KOSPI
065060,지엔코,KOSDAQ
050090,비케이홀딩스,KOSDAQ
352770,셀레스트라,KOSDAQ
004105,태양금속우,KOSPI
481890,엔에이치스팩31호,KOSDAQ
244460,올리패스,KOSDAQ
489480,키움제11호스팩,KOSDAQ
069920,엑시온그룹,KOSDAQ
217880,틸론,KONEX
008290,원풍물산,KOSDAQ
0096B0,삼성스팩12호,KOSDAQ
477760,DB금융스팩12호,KOSDAQ
011080,형지I&C,KOSDAQ
0097F0,미래에셋비전스팩10호,KOSDAQ
489730,디비금융제13호스팩,KOSDAQ
478390,KB제29호스팩,KOSDAQ
084695,대상홀딩스우,KOSPI
001755,한양증권우,KOSPI
0093G0,미래에셋비전스팩8호,KOSDAQ
302920,더콘텐츠온,KONEX
0099X0,IBKS제25호스팩,KOSDAQ
492220,KB제31호스팩,KOSDAQ
471050,대신밸런스제17호스팩,KOSDAQ
0037T0,KB제32호스팩,KOSDAQ
054180,메디콕스,KOSDAQ
0054V0,엔에이치스팩32호,KOSDAQ
0088D0,메리츠제1호스팩,KOSDAQ
0091W0,신영스팩11호,KOSDAQ
0131D0,키움히어로제2호스팩,KOSDAQ
482520,교보16호스팩,KOSDAQ
121850,코이즈,KOSDAQ
065570,삼영이엔씨,KOSDAQ
456190,큐라켐,KONEX
33637L,솔루스첨단소재2우B,KOSPI
073190,듀오백,KOSDAQ
38380K,LX홀딩스1우,KOSPI
004255,NPC우,KOSPI
0041L0,하나35호스팩,KOSDAQ
482690,대신밸런스제19호스팩,KOSDAQ
0132G0,교보20호스팩,KOSDAQ
008500,일정실업,KOSPI
224760,엔에스컴퍼니,KONEX
145995,삼양사우,KOSPI
289170,바이오텐,KONEX
0071M0,삼성스팩11호,KOSDAQ
469900,하나31호스팩,KOSDAQ
060240,스타코링크,KOSDAQ
487360,신한제14호스팩,KOSDAQ
341170,퓨쳐메디신,KONEX
477470,미래에셋비전스팩5호,KOSDAQ
496070,신한제16호스팩,KOSDAQ
474490,유안타제16호스팩,KOSDAQ
0105P0,유진스팩12호,KOSDAQ
474660,신한제12호스팩,KOSDAQ
0129K0,신한제18호스팩,KOSDAQ
0096D0,미래에셋비전스팩9호,KOSDAQ
0098T0,교보19호스팩,KOSDAQ
486630,KB제30호스팩,KOSDAQ
489210,교보17호스팩,KOSDAQ
493790,유안타제17호스팩,KOSDAQ
003075,코오롱글로벌우,KOSPI
253610,루트락,KONEX
469480,IBKS제24호스팩,KOSDAQ
0004Y0,디비금융제14호스팩,KOSDAQ
0130D0,신한제17호스팩,KOSDAQ
001067,JW중외제약2우B,KOSPI
043100,알파AI,KOSDAQ
236340,메디젠휴먼케어,KONEX
478110,이베스트스팩6호,KOSDAQ
466690,키움히어로제1호스팩,KOSDAQ
114920,대주이엔티,KONEX
0041B0,교보18호스팩,KOSDAQ
498390,한화플러스제5호스팩,KOSDAQ
472220,신영스팩10호,KOSDAQ
244880,나눔테크,KONEX
238500,솔루믹스,KONEX
488060,유진스팩11호,KOSDAQ
178600,대동고려삼,KONEX
000225,유유제약1우,KOSPI
106080,케이이엠텍,KOSDAQ
145210,다이나믹디자인,KOSPI
03481K,해성산업1우,KOSDAQ
484130,하나34호스팩,KOSDAQ
185190,수프로,KONEX
464440,한국제13호스팩,KOSDAQ
473950,에스케이증권제13호스팩,KOSDAQ
465320,교보15호스팩,KOSDAQ
467930,IBKS제23호스팩,KOSDAQ
487830,신한제15호스팩,KOSDAQ
468760,유진스팩10호,KOSDAQ
001065,JW중외제약우,KOSPI
004835,덕성우,KOSPI
0068Y0,비엔케이제3호스팩,KOSDAQ
472230,에스케이증권제11호스팩,KOSDAQ
189350,코셋,KONEX
487720,키움제10호스팩,KOSDAQ
332190,오션스바이오,KONEX
103660,씨앗,KONEX
0041J0,엘에스스팩1호,KOSDAQ
004985,성신양회우,KOSPI
199150,데이터스트림즈,KONEX
224810,엄지하우스,KONEX
447690,아이오바이오,KONEX
475250,하나33호스팩,KOSDAQ
079970,투비소프트,KOSDAQ
474930,신한제13호스팩,KOSDAQ
212310,오건에코텍,KONEX
066830,제노텍,KONEX
236030,씨알푸드,KONEX
276040,스코넥,KOSDAQ
000325,노루홀딩스우,KOSPI
199290,바이오프로테크,KONEX
26490K,크라운제과우,KOSPI
251280,안지오랩,KONEX
473000,에스케이증권제12호스팩,KOSDAQ
475240,하나32호스팩,KOSDAQ
101390,아이엠,KOSDAQ
318660,타임기술,KONEX
234070,에이원큐브텍,KONEX
009415,태영건설우,KOSPI
215570,크로넥스,KONEX
202960,판도라티비,KONEX
092590,럭스피아,KONEX
090355,노루페인트우,KOSPI
267080,세븐브로이맥주,KONEX
311960,인터로이드,KONEX
044180,KD,KOSDAQ
116100,태양기계,KONEX
313760,캐리,KOSDAQ
223220,로지스몬,KONEX
000545,흥국화재우,KOSPI
121060,유니포인트,KONEX
266350,팡스카이,KONEX
258050,테크트랜스,KONEX
327610,펨토바이오메드,KONEX
346010,타이드,KONEX
000145,하이트진로홀딩스우,KOSPI
043090,더테크놀로지,KOSDAQ
276240,엘리비젼,KONEX
052770,아이톡시,KOSDAQ
36328K,티와이홀딩스우,KOSPI
217910,에스제이켐,KONEX
136660,큐엠씨,KONEX
014825,동원시스템즈우,KOSPI
002995,금호건설우,KOSPI
005745,크라운해태홀딩스우,KOSPI
005965,동부건설우,KOSPI
014285,금강공업우,KOSPI
008355,남선알미우,KOSPI
007575,일양약품우,KOSPI
299480,지앤이헬스케어,KONEX
093510,엔지브이아이,KONEX
004545,깨끗한나라우,KOSPI
208890,미래엔에듀파트너,KONEX
000227,유유제약2우B,KOSPI
390110,애니메디솔루션,KONEX
014915,성문전자우,KOSPI
001525,동양우,KOSPI
002785,진흥기업우B,KOSPI
402420,켈스,KONEX
266470,바이오인프라생명과학,KONEX
413300,티엘엔지니어링,KONEX
011155,CJ씨푸드1우,KOSPI
448780,마이크로엔엑스,KONEX
001527,동양2우B,KOSPI
245450,씨앤에스링크,KONEX
002787,진흥기업2우B,KOSPI
021045,대호특수강우,KOSDAQ
140660,위월드,KONEX
032685,소프트센우,KOSDAQ
004415,서울식품우,KOSPI
296520,가이아코퍼레이션,KONEX
230980,비유테크놀러지,KOSDAQ
266170,레드우즈,KONEX
279060,이노벡스,KONEX
